severity,method,block,mean_gap,std_gap,num_seeds,ci95,first_round,last_round,x
extreme,adaptive_probdpp,0,1.09488465319908,0.16408454375802362,30,0.05871689989008585,1,10,5.5
extreme,adaptive_probdpp,1,0.7712522676286895,0.20589830127279718,30,0.0736797608506157,11,20,15.5
extreme,adaptive_probdpp,2,0.7690460876722861,0.14465711621936986,30,0.05176488422923693,21,30,25.5
extreme,adaptive_probdpp,3,0.5503309351487722,0.12595254132669112,30,0.04507153806569052,31,40,35.5
extreme,adaptive_probdpp,4,0.4785675702441929,0.11300279606952184,30,0.04043753123937638,41,50,45.5
extreme,adaptive_probdpp,5,0.4697859761175599,0.13347570323385988,30,0.047763666979499526,51,60,55.5
extreme,adaptive_probdpp,6,0.29298871504570123,0.1173079034543479,30,0.0419780941317819,61,70,65.5
extreme,adaptive_probdpp,7,0.3228102902273502,0.11718766335856402,30,0.04193506676610066,71,80,75.5
extreme,adaptive_probdpp,8,0.33547949154487605,0.16878330201202912,30,0.060398328936901016,81,90,85.5
extreme,adaptive_probdpp,9,0.14115914936799673,0.07594577540377966,30,0.027176846699435805,91,100,95.5
extreme,adaptive_probdpp,10,0.34952135195058104,0.10344184258685385,30,0.03701618797548269,101,110,105.5
extreme,adaptive_probdpp,11,0.08206496590929015,0.0678723146041646,30,0.024287795856008335,111,120,115.5
extreme,adaptive_probdpp,12,0.15077363568754976,0.08396987898415272,30,0.030048235288791622,121,130,125.5
extreme,adaptive_probdpp,13,0.2592215654705289,0.0761028051733931,30,0.027233039080820327,131,140,135.5
extreme,adaptive_probdpp,14,0.11120975265468336,0.048933861071297775,30,0.017510757295921487,141,150,145.5
extreme,adaptive_probdpp,15,0.15016978228059685,0.08616029522605011,30,0.030832065674320046,151,160,155.5
extreme,adaptive_probdpp,16,0.1592851560229565,0.022248387596901526,30,0.007961483253228199,161,170,165.5
extreme,adaptive_probdpp,17,0.16258547204408472,0.03681699874362094,30,0.013174793798193423,171,180,175.5
extreme,adaptive_probdpp,18,0.15570763704570031,0.0900960496425262,30,0.032240457304460346,181,190,185.5
extreme,adaptive_probdpp,19,0.1217766109944741,0.07552291668837685,30,0.027025528651487475,191,200,195.5
extreme,adaptive_probdpp,20,0.19648805367776226,0.0868224585705407,30,0.03106901778400002,201,210,205.5
extreme,adaptive_probdpp,21,0.13220184178620448,0.05920028428492957,30,0.021184549660868687,211,220,215.5
extreme,adaptive_probdpp,22,0.09179913741669658,0.08415355991780786,30,0.030113964666746023,221,230,225.5
extreme,adaptive_probdpp,23,0.22556856069946965,0.03757848096089864,30,0.01344728671005423,231,240,235.5
extreme,adaptive_probdpp,24,0.03602540181129808,0.007417991666658677,30,0.0026544942265800094,241,250,245.5
extreme,adaptive_probdpp,25,0.08460174564053352,0.037974432408694615,30,0.013588976115948889,251,260,255.5
extreme,adaptive_probdpp,26,0.11063467016292552,0.06671415557734219,30,0.023873353970884675,261,270,265.5
extreme,adaptive_probdpp,27,0.07701503322998415,0.019489045696657922,30,0.006974065435508239,271,280,275.5
extreme,adaptive_probdpp,28,0.21680814208326066,0.04299470714975921,30,0.015385458360044485,281,290,285.5
extreme,adaptive_probdpp,29,0.02132381058851062,0.016861004897905558,30,0.006033633113528137,291,300,295.5
extreme,adaptive_probdpp,30,2.875432634314241,0.16343169729488935,30,0.05848328178358106,301,310,305.5
extreme,adaptive_probdpp,31,2.726492957640533,0.11433513589223308,30,0.04091430292181515,311,320,315.5
extreme,adaptive_probdpp,32,2.4944308294365567,0.07991837189741388,30,0.028598422097569676,321,330,325.5
extreme,adaptive_probdpp,33,2.104003177278273,0.13990773096888953,30,0.05006533854440294,331,340,335.5
extreme,adaptive_probdpp,34,2.035499053039381,0.1474233252045296,30,0.05275475940173464,341,350,345.5
extreme,adaptive_probdpp,35,2.1575800070801194,0.1963330428965664,30,0.07025687710034483,351,360,355.5
extreme,adaptive_probdpp,36,1.8264918726034183,0.19691315860226372,30,0.07046446883955416,361,370,365.5
extreme,adaptive_probdpp,37,1.3016405224828376,0.2801620023327734,30,0.10025468497653697,371,380,375.5
extreme,adaptive_probdpp,38,1.1753826150782287,0.30412829269680414,30,0.10883091183990788,381,390,385.5
extreme,adaptive_probdpp,39,0.7813557661712953,0.2889027478086553,30,0.10338252057468413,391,400,395.5
extreme,adaptive_probdpp,40,0.7395136174787056,0.1667749969070544,30,0.0596796661847807,401,410,405.5
extreme,adaptive_probdpp,41,0.6710328062253176,0.2131852127717434,30,0.07628734864159324,411,420,415.5
extreme,adaptive_probdpp,42,0.40644412309201833,0.2280937839974771,30,0.08162231233845767,421,430,425.5
extreme,adaptive_probdpp,43,0.4670921386537251,0.23427899430167087,30,0.08383566142005094,431,440,435.5
extreme,adaptive_probdpp,44,0.5146457401762765,0.16378560402344902,30,0.05860992567992459,441,450,445.5
extreme,adaptive_probdpp,45,0.416209337604907,0.20173835535841958,30,0.0721911433232824,451,460,455.5
extreme,adaptive_probdpp,46,0.26597459250184735,0.1366037725888706,30,0.048883032222323805,461,470,465.5
extreme,adaptive_probdpp,47,0.2557732353671106,0.12319740888677225,30,0.044085626584002086,471,480,475.5
extreme,adaptive_probdpp,48,0.3500582103057521,0.13474676734643426,30,0.04821851143067448,481,490,485.5
extreme,adaptive_probdpp,49,0.24616592175085444,0.07512977541154715,30,0.026884844852358217,491,500,495.5
extreme,adaptive_probdpp,50,0.29999066060520324,0.10712714414916168,30,0.03833495620278091,501,510,505.5
extreme,adaptive_probdpp,51,0.20962422021484456,0.10560737949290447,30,0.03779111540501788,511,520,515.5
extreme,adaptive_probdpp,52,0.13603992161494602,0.06383546924903559,30,0.022843229298061117,521,530,525.5
extreme,adaptive_probdpp,53,0.18841545307190585,0.10270376953612755,30,0.036752071926289306,531,540,535.5
extreme,adaptive_probdpp,54,0.24836656310722766,0.09564413880418803,30,0.03422581551325652,541,550,545.5
extreme,adaptive_probdpp,55,0.2049094675075074,0.1013159909920351,30,0.03625546175218752,551,560,555.5
extreme,adaptive_probdpp,56,0.25851335990884633,0.06488256795323755,30,0.023217928757142,561,570,565.5
extreme,adaptive_probdpp,57,0.18619510558630925,0.07765450347815198,30,0.027788307187940182,571,580,575.5
extreme,adaptive_probdpp,58,0.2054303879760945,0.08488774246947983,30,0.03037668851873262,581,590,585.5
extreme,adaptive_probdpp,59,0.23857232962358738,0.08007929192950393,30,0.028656006591502723,591,600,595.5
extreme,online_probdpp,0,1.09488465319908,0.16408454375802362,30,0.05871689989008585,1,10,5.5
extreme,online_probdpp,1,0.7712522676286895,0.20589830127279718,30,0.0736797608506157,11,20,15.5
extreme,online_probdpp,2,0.7690460876722861,0.14465711621936986,30,0.05176488422923693,21,30,25.5
extreme,online_probdpp,3,0.5503309351487722,0.12595254132669112,30,0.04507153806569052,31,40,35.5
extreme,online_probdpp,4,0.4785675702441929,0.11300279606952184,30,0.04043753123937638,41,50,45.5
extreme,online_probdpp,5,0.4697859761175599,0.13347570323385988,30,0.047763666979499526,51,60,55.5
extreme,online_probdpp,6,0.29298871504570123,0.1173079034543479,30,0.0419780941317819,61,70,65.5
extreme,online_probdpp,7,0.3228102902273502,0.11718766335856402,30,0.04193506676610066,71,80,75.5
extreme,online_probdpp,8,0.33547949154487605,0.16878330201202912,30,0.060398328936901016,81,90,85.5
extreme,online_probdpp,9,0.14115914936799673,0.07594577540377966,30,0.027176846699435805,91,100,95.5
extreme,online_probdpp,10,0.35078696650227525,0.10172277653090875,30,0.03640102808778341,101,110,105.5
extreme,online_probdpp,11,0.08492364866112703,0.06684648076704135,30,0.023920705931883272,111,120,115.5
extreme,online_probdpp,12,0.15206687824408502,0.08312891324448642,30,0.029747299563731514,121,130,125.5
extreme,online_probdpp,13,0.31062734973931394,0.07175131499419922,30,0.025675878318614623,131,140,135.5
extreme,online_probdpp,14,0.12096592198143934,0.04393287951649897,30,0.015721179029864186,141,150,145.5
extreme,online_probdpp,15,0.17764749910056984,0.07543281197648441,30,0.026993285094436693,151,160,155.5
extreme,online_probdpp,16,0.1789319561799273,0.04917797096631811,30,0.01759811089998322,161,170,165.5
extreme,online_probdpp,17,0.17927486084247993,0.051778196817227624,30,0.018528589770708672,171,180,175.5
extreme,online_probdpp,18,0.18162997399026548,0.07232471994164583,30,0.025881068643824983,181,190,185.5
extreme,online_probdpp,19,0.13979666534117718,0.08976656657491912,30,0.03212255330294334,191,200,195.5
extreme,online_probdpp,20,0.24208497552111388,0.07980938794811708,30,0.02855942269217825,201,210,205.5
extreme,online_probdpp,21,0.15908571851319425,0.06139591624452964,30,0.021970246467006807,211,220,215.5
extreme,online_probdpp,22,0.1565831990338456,0.07899964128758523,30,0.028269658571110905,221,230,225.5
extreme,online_probdpp,23,0.2331990869882856,0.03076485781094465,30,0.011009062979642348,231,240,235.5
extreme,online_probdpp,24,0.03663317769946647,0.007843646871400583,30,0.0028068129853863356,241,250,245.5
extreme,online_probdpp,25,0.0960614622882186,0.03757266837720942,30,0.0134452067036943,251,260,255.5
extreme,online_probdpp,26,0.14669688966379862,0.071172912501118,30,0.025468899644666455,261,270,265.5
extreme,online_probdpp,27,0.09285452330237674,0.04237013869841679,30,0.015161959410100363,271,280,275.5
extreme,online_probdpp,28,0.23564613407876314,0.03049749142825999,30,0.01091338714835125,281,290,285.5
extreme,online_probdpp,29,0.020735224833643217,0.016125506268381586,30,0.005770438309130586,291,300,295.5
extreme,online_probdpp,30,2.764936604610378,0.17473588159568224,30,0.06252843218426456,301,310,305.5
extreme,online_probdpp,31,2.683509995449907,0.13548923060657875,30,0.04848419849613179,311,320,315.5
extreme,online_probdpp,32,2.5742006878794297,0.06251272885641973,30,0.02236989272756527,321,330,325.5
extreme,online_probdpp,33,2.259385662829687,0.12662910595483495,30,0.045313643608540906,331,340,335.5
extreme,online_probdpp,34,2.1937131697150662,0.12376032595336471,30,0.044287063869248605,341,350,345.5
extreme,online_probdpp,35,2.4259934221550106,0.14721290347998378,30,0.05267946095465435,351,360,355.5
extreme,online_probdpp,36,2.2849917611755783,0.14830447815630762,30,0.053070075935958014,361,370,365.5
extreme,online_probdpp,37,1.850841232326961,0.2142787746041001,30,0.07667867471755076,371,380,375.5
extreme,online_probdpp,38,2.0815056337511852,0.3430371422472081,30,0.12275426483565748,381,390,385.5
extreme,online_probdpp,39,1.6640595509640552,0.32593252417508256,30,0.11663345586732318,391,400,395.5
extreme,online_probdpp,40,1.5203818739903665,0.3487789594989781,30,0.1248089477511704,401,410,405.5
extreme,online_probdpp,41,1.3044141986678484,0.26948016677996733,30,0.09643223921515304,411,420,415.5
extreme,online_probdpp,42,1.1876507310090147,0.23323131473608105,30,0.08346075410239191,421,430,425.5
extreme,online_probdpp,43,1.1246926593000786,0.28885971052786075,30,0.10336711988154094,431,440,435.5
extreme,online_probdpp,44,1.0377321644216966,0.23717760189867093,30,0.08487291482732302,441,450,445.5
extreme,online_probdpp,45,1.0489612388515588,0.2915876888876841,30,0.10434331440046092,451,460,455.5
extreme,online_probdpp,46,0.9676254616620713,0.24946476139520385,30,0.08926981838428076,461,470,465.5
extreme,online_probdpp,47,0.7668527290797942,0.200107692513301,30,0.07160761811829716,471,480,475.5
extreme,online_probdpp,48,0.6929288518894215,0.1728294530033514,30,0.0618462254739935,481,490,485.5
extreme,online_probdpp,49,0.5371895276985319,0.19849901821850505,30,0.0710319614149907,491,500,495.5
extreme,online_probdpp,50,0.6262248424371116,0.17838984825892093,30,0.06383598736193866,501,510,505.5
extreme,online_probdpp,51,0.5567328881856939,0.24438073032209257,30,0.08745052122977126,511,520,515.5
extreme,online_probdpp,52,0.27808546052328337,0.16547441072804486,30,0.059214257397808355,521,530,525.5
extreme,online_probdpp,53,0.45645887074151925,0.1599132402882778,30,0.057224218113760675,531,540,535.5
extreme,online_probdpp,54,0.6353279545572494,0.2379124016866833,30,0.08513585955449735,541,550,545.5
extreme,online_probdpp,55,0.4688406544596785,0.16922949076627064,30,0.060557995532028445,551,560,555.5
extreme,online_probdpp,56,0.4704142774915652,0.173744553263682,30,0.06217368989656861,561,570,565.5
extreme,online_probdpp,57,0.38977714775936556,0.09357623057017,30,0.03348582405532993,571,580,575.5
extreme,online_probdpp,58,0.3590150555317536,0.13061043455875557,30,0.046738343752210046,581,590,585.5
extreme,online_probdpp,59,0.45607173115972927,0.1458843164213078,30,0.052204032181578784,591,600,595.5
extreme,oracle_probdpp,0,0.0,0.0,30,0.0,1,10,5.5
extreme,oracle_probdpp,1,0.0,0.0,30,0.0,11,20,15.5
extreme,oracle_probdpp,2,0.0,0.0,30,0.0,21,30,25.5
extreme,oracle_probdpp,3,0.0,0.0,30,0.0,31,40,35.5
extreme,oracle_probdpp,4,0.0,0.0,30,0.0,41,50,45.5
extreme,oracle_probdpp,5,0.0,0.0,30,0.0,51,60,55.5
extreme,oracle_probdpp,6,0.0,0.0,30,0.0,61,70,65.5
extreme,oracle_probdpp,7,0.0,0.0,30,0.0,71,80,75.5
extreme,oracle_probdpp,8,0.0,0.0,30,0.0,81,90,85.5
extreme,oracle_probdpp,9,0.0,0.0,30,0.0,91,100,95.5
extreme,oracle_probdpp,10,0.0,0.0,30,0.0,101,110,105.5
extreme,oracle_probdpp,11,0.0,0.0,30,0.0,111,120,115.5
extreme,oracle_probdpp,12,0.0,0.0,30,0.0,121,130,125.5
extreme,oracle_probdpp,13,0.0,0.0,30,0.0,131,140,135.5
extreme,oracle_probdpp,14,0.0,0.0,30,0.0,141,150,145.5
extreme,oracle_probdpp,15,0.0,0.0,30,0.0,151,160,155.5
extreme,oracle_probdpp,16,0.0,0.0,30,0.0,161,170,165.5
extreme,oracle_probdpp,17,0.0,0.0,30,0.0,171,180,175.5
extreme,oracle_probdpp,18,0.0,0.0,30,0.0,181,190,185.5
extreme,oracle_probdpp,19,0.0,0.0,30,0.0,191,200,195.5
extreme,oracle_probdpp,20,0.0,0.0,30,0.0,201,210,205.5
extreme,oracle_probdpp,21,0.0,0.0,30,0.0,211,220,215.5
extreme,oracle_probdpp,22,0.0,0.0,30,0.0,221,230,225.5
extreme,oracle_probdpp,23,0.0,0.0,30,0.0,231,240,235.5
extreme,oracle_probdpp,24,0.0,0.0,30,0.0,241,250,245.5
extreme,oracle_probdpp,25,0.0,0.0,30,0.0,251,260,255.5
extreme,oracle_probdpp,26,0.0,0.0,30,0.0,261,270,265.5
extreme,oracle_probdpp,27,0.0,0.0,30,0.0,271,280,275.5
extreme,oracle_probdpp,28,0.0,0.0,30,0.0,281,290,285.5
extreme,oracle_probdpp,29,0.0,0.0,30,0.0,291,300,295.5
extreme,oracle_probdpp,30,0.0,0.0,30,0.0,301,310,305.5
extreme,oracle_probdpp,31,0.0,0.0,30,0.0,311,320,315.5
extreme,oracle_probdpp,32,0.0,0.0,30,0.0,321,330,325.5
extreme,oracle_probdpp,33,0.0,0.0,30,0.0,331,340,335.5
extreme,oracle_probdpp,34,0.0,0.0,30,0.0,341,350,345.5
extreme,oracle_probdpp,35,0.0,0.0,30,0.0,351,360,355.5
extreme,oracle_probdpp,36,0.0,0.0,30,0.0,361,370,365.5
extreme,oracle_probdpp,37,0.0,0.0,30,0.0,371,380,375.5
extreme,oracle_probdpp,38,0.0,0.0,30,0.0,381,390,385.5
extreme,oracle_probdpp,39,0.0,0.0,30,0.0,391,400,395.5
extreme,oracle_probdpp,40,0.0,0.0,30,0.0,401,410,405.5
extreme,oracle_probdpp,41,0.0,0.0,30,0.0,411,420,415.5
extreme,oracle_probdpp,42,0.0,0.0,30,0.0,421,430,425.5
extreme,oracle_probdpp,43,0.0,0.0,30,0.0,431,440,435.5
extreme,oracle_probdpp,44,0.0,0.0,30,0.0,441,450,445.5
extreme,oracle_probdpp,45,0.0,0.0,30,0.0,451,460,455.5
extreme,oracle_probdpp,46,0.0,0.0,30,0.0,461,470,465.5
extreme,oracle_probdpp,47,0.0,0.0,30,0.0,471,480,475.5
extreme,oracle_probdpp,48,0.0,0.0,30,0.0,481,490,485.5
extreme,oracle_probdpp,49,0.0,0.0,30,0.0,491,500,495.5
extreme,oracle_probdpp,50,0.0,0.0,30,0.0,501,510,505.5
extreme,oracle_probdpp,51,0.0,0.0,30,0.0,511,520,515.5
extreme,oracle_probdpp,52,0.0,0.0,30,0.0,521,530,525.5
extreme,oracle_probdpp,53,0.0,0.0,30,0.0,531,540,535.5
extreme,oracle_probdpp,54,0.0,0.0,30,0.0,541,550,545.5
extreme,oracle_probdpp,55,0.0,0.0,30,0.0,551,560,555.5
extreme,oracle_probdpp,56,0.0,0.0,30,0.0,561,570,565.5
extreme,oracle_probdpp,57,0.0,0.0,30,0.0,571,580,575.5
extreme,oracle_probdpp,58,0.0,0.0,30,0.0,581,590,585.5
extreme,oracle_probdpp,59,0.0,0.0,30,0.0,591,600,595.5
extreme,static_probdpp,0,0.0,0.0,30,0.0,1,10,5.5
extreme,static_probdpp,1,0.0,0.0,30,0.0,11,20,15.5
extreme,static_probdpp,2,0.0,0.0,30,0.0,21,30,25.5
extreme,static_probdpp,3,0.0,0.0,30,0.0,31,40,35.5
extreme,static_probdpp,4,0.0,0.0,30,0.0,41,50,45.5
extreme,static_probdpp,5,0.0,0.0,30,0.0,51,60,55.5
extreme,static_probdpp,6,0.0,0.0,30,0.0,61,70,65.5
extreme,static_probdpp,7,0.0,0.0,30,0.0,71,80,75.5
extreme,static_probdpp,8,0.0,0.0,30,0.0,81,90,85.5
extreme,static_probdpp,9,0.0,0.0,30,0.0,91,100,95.5
extreme,static_probdpp,10,0.0,0.0,30,0.0,101,110,105.5
extreme,static_probdpp,11,0.0,0.0,30,0.0,111,120,115.5
extreme,static_probdpp,12,0.0,0.0,30,0.0,121,130,125.5
extreme,static_probdpp,13,0.0,0.0,30,0.0,131,140,135.5
extreme,static_probdpp,14,0.0,0.0,30,0.0,141,150,145.5
extreme,static_probdpp,15,0.0,0.0,30,0.0,151,160,155.5
extreme,static_probdpp,16,0.0,0.0,30,0.0,161,170,165.5
extreme,static_probdpp,17,0.0,0.0,30,0.0,171,180,175.5
extreme,static_probdpp,18,0.0,0.0,30,0.0,181,190,185.5
extreme,static_probdpp,19,0.0,0.0,30,0.0,191,200,195.5
extreme,static_probdpp,20,0.0,0.0,30,0.0,201,210,205.5
extreme,static_probdpp,21,0.0,0.0,30,0.0,211,220,215.5
extreme,static_probdpp,22,0.0,0.0,30,0.0,221,230,225.5
extreme,static_probdpp,23,0.0,0.0,30,0.0,231,240,235.5
extreme,static_probdpp,24,0.0,0.0,30,0.0,241,250,245.5
extreme,static_probdpp,25,0.0,0.0,30,0.0,251,260,255.5
extreme,static_probdpp,26,0.0,0.0,30,0.0,261,270,265.5
extreme,static_probdpp,27,0.0,0.0,30,0.0,271,280,275.5
extreme,static_probdpp,28,0.0,0.0,30,0.0,281,290,285.5
extreme,static_probdpp,29,0.0,0.0,30,0.0,291,300,295.5
extreme,static_probdpp,30,3.154589040928538,4.516810283266961e-16,30,1.6163198016761876e-16,301,310,305.5
extreme,static_probdpp,31,2.9091157822494957,1.3550430849800884e-15,30,4.848959405028563e-16,311,320,315.5
extreme,static_probdpp,32,2.8485000289991027,1.3550430849800884e-15,30,4.848959405028563e-16,321,330,325.5
extreme,static_probdpp,33,2.895666533340103,9.033620566533923e-16,30,3.232639603352375e-16,331,340,335.5
extreme,static_probdpp,34,2.9433663143077826,4.516810283266961e-16,30,1.6163198016761876e-16,341,350,345.5
extreme,static_probdpp,35,2.9964997994318683,1.3550430849800884e-15,30,4.848959405028563e-16,351,360,355.5
extreme,static_probdpp,36,2.8702383026322726,0.0,30,0.0,361,370,365.5
extreme,static_probdpp,37,3.0842962506188467,9.033620566533923e-16,30,3.232639603352375e-16,371,380,375.5
extreme,static_probdpp,38,2.9254971301980146,9.033620566533923e-16,30,3.232639603352375e-16,381,390,385.5
extreme,static_probdpp,39,2.9919582691501625,9.033620566533923e-16,30,3.232639603352375e-16,391,400,395.5
extreme,static_probdpp,40,2.763992430678823,9.033620566533923e-16,30,3.232639603352375e-16,401,410,405.5
extreme,static_probdpp,41,2.9002416485458906,4.516810283266961e-16,30,1.6163198016761876e-16,411,420,415.5
extreme,static_probdpp,42,3.064791647273692,4.516810283266961e-16,30,1.6163198016761876e-16,421,430,425.5
extreme,static_probdpp,43,2.9623694961118785,9.033620566533923e-16,30,3.232639603352375e-16,431,440,435.5
extreme,static_probdpp,44,3.008099992321862,9.033620566533923e-16,30,3.232639603352375e-16,441,450,445.5
extreme,static_probdpp,45,3.037373401792076,1.3550430849800884e-15,30,4.848959405028563e-16,451,460,455.5
extreme,static_probdpp,46,2.9252635447107895,4.516810283266961e-16,30,1.6163198016761876e-16,461,470,465.5
extreme,static_probdpp,47,3.018867432967183,4.516810283266961e-16,30,1.6163198016761876e-16,471,480,475.5
extreme,static_probdpp,48,2.9385481685852,0.0,30,0.0,481,490,485.5
extreme,static_probdpp,49,3.0123228377979347,4.516810283266961e-16,30,1.6163198016761876e-16,491,500,495.5
extreme,static_probdpp,50,2.7891453885758275,9.033620566533923e-16,30,3.232639603352375e-16,501,510,505.5
extreme,static_probdpp,51,2.951786327495436,9.033620566533923e-16,30,3.232639603352375e-16,511,520,515.5
extreme,static_probdpp,52,3.002284339002587,4.516810283266961e-16,30,1.6163198016761876e-16,521,530,525.5
extreme,static_probdpp,53,3.0395596493545054,9.033620566533923e-16,30,3.232639603352375e-16,531,540,535.5
extreme,static_probdpp,54,2.766219325677491,1.3550430849800884e-15,30,4.848959405028563e-16,541,550,545.5
extreme,static_probdpp,55,2.943713226581631,1.3550430849800884e-15,30,4.848959405028563e-16,551,560,555.5
extreme,static_probdpp,56,2.8894688128441555,9.033620566533923e-16,30,3.232639603352375e-16,561,570,565.5
extreme,static_probdpp,57,2.931273059840611,1.3550430849800884e-15,30,4.848959405028563e-16,571,580,575.5
extreme,static_probdpp,58,3.0596353481189187,4.516810283266961e-16,30,1.6163198016761876e-16,581,590,585.5
extreme,static_probdpp,59,3.1002665207294435,1.3550430849800884e-15,30,4.848959405028563e-16,591,600,595.5
large,adaptive_probdpp,0,1.09488465319908,0.16408454375802362,30,0.05871689989008585,1,10,5.5
large,adaptive_probdpp,1,0.7712522676286895,0.20589830127279718,30,0.0736797608506157,11,20,15.5
large,adaptive_probdpp,2,0.7690460876722861,0.14465711621936986,30,0.05176488422923693,21,30,25.5
large,adaptive_probdpp,3,0.5503309351487722,0.12595254132669112,30,0.04507153806569052,31,40,35.5
large,adaptive_probdpp,4,0.4785675702441929,0.11300279606952184,30,0.04043753123937638,41,50,45.5
large,adaptive_probdpp,5,0.4697859761175599,0.13347570323385988,30,0.047763666979499526,51,60,55.5
large,adaptive_probdpp,6,0.29298871504570123,0.1173079034543479,30,0.0419780941317819,61,70,65.5
large,adaptive_probdpp,7,0.3228102902273502,0.11718766335856402,30,0.04193506676610066,71,80,75.5
large,adaptive_probdpp,8,0.33547949154487605,0.16878330201202912,30,0.060398328936901016,81,90,85.5
large,adaptive_probdpp,9,0.14115914936799673,0.07594577540377966,30,0.027176846699435805,91,100,95.5
large,adaptive_probdpp,10,0.34952135195058104,0.10344184258685385,30,0.03701618797548269,101,110,105.5
large,adaptive_probdpp,11,0.08206496590929015,0.0678723146041646,30,0.024287795856008335,111,120,115.5
large,adaptive_probdpp,12,0.15077363568754976,0.08396987898415272,30,0.030048235288791622,121,130,125.5
large,adaptive_probdpp,13,0.2592215654705289,0.0761028051733931,30,0.027233039080820327,131,140,135.5
large,adaptive_probdpp,14,0.11120975265468336,0.048933861071297775,30,0.017510757295921487,141,150,145.5
large,adaptive_probdpp,15,0.15016978228059685,0.08616029522605011,30,0.030832065674320046,151,160,155.5
large,adaptive_probdpp,16,0.1592851560229565,0.022248387596901526,30,0.007961483253228199,161,170,165.5
large,adaptive_probdpp,17,0.16258547204408472,0.03681699874362094,30,0.013174793798193423,171,180,175.5
large,adaptive_probdpp,18,0.15570763704570031,0.0900960496425262,30,0.032240457304460346,181,190,185.5
large,adaptive_probdpp,19,0.1217766109944741,0.07552291668837685,30,0.027025528651487475,191,200,195.5
large,adaptive_probdpp,20,0.19648805367776226,0.0868224585705407,30,0.03106901778400002,201,210,205.5
large,adaptive_probdpp,21,0.13220184178620448,0.05920028428492957,30,0.021184549660868687,211,220,215.5
large,adaptive_probdpp,22,0.09179913741669658,0.08415355991780786,30,0.030113964666746023,221,230,225.5
large,adaptive_probdpp,23,0.22556856069946965,0.03757848096089864,30,0.01344728671005423,231,240,235.5
large,adaptive_probdpp,24,0.03602540181129808,0.007417991666658677,30,0.0026544942265800094,241,250,245.5
large,adaptive_probdpp,25,0.08460174564053352,0.037974432408694615,30,0.013588976115948889,251,260,255.5
large,adaptive_probdpp,26,0.11063467016292552,0.06671415557734219,30,0.023873353970884675,261,270,265.5
large,adaptive_probdpp,27,0.07701503322998415,0.019489045696657922,30,0.006974065435508239,271,280,275.5
large,adaptive_probdpp,28,0.21680814208326066,0.04299470714975921,30,0.015385458360044485,281,290,285.5
large,adaptive_probdpp,29,0.02132381058851062,0.016861004897905558,30,0.006033633113528137,291,300,295.5
large,adaptive_probdpp,30,0.7515209706835597,0.07359402258824041,30,0.026335282762494347,301,310,305.5
large,adaptive_probdpp,31,0.6285327991771242,0.044439613808558986,30,0.015902511567447004,311,320,315.5
large,adaptive_probdpp,32,0.54416821003814,0.033728591736207306,30,0.012069621544178009,321,330,325.5
large,adaptive_probdpp,33,0.5423964137000233,0.06219795286311036,30,0.02225725158499547,331,340,335.5
large,adaptive_probdpp,34,0.4216629994245073,0.05399035348397227,30,0.019320199867354844,341,350,345.5
large,adaptive_probdpp,35,0.4648772078110318,0.04370618284417344,30,0.01564005666751674,351,360,355.5
large,adaptive_probdpp,36,0.366677201900958,0.0492017836318441,30,0.01760663215290432,361,370,365.5
large,adaptive_probdpp,37,0.2980497540634804,0.06272556949821723,30,0.0224460567730673,371,380,375.5
large,adaptive_probdpp,38,0.45068199500744643,0.07692851937922383,30,0.02752851711458982,381,390,385.5
large,adaptive_probdpp,39,0.3493712513667378,0.07817868477757221,30,0.02797588305692454,391,400,395.5
large,adaptive_probdpp,40,0.32966818532102937,0.08249597251571268,30,0.0295208046327856,401,410,405.5
large,adaptive_probdpp,41,0.2470080994861682,0.06540330814512996,30,0.02340427324161204,411,420,415.5
large,adaptive_probdpp,42,0.24911405810508405,0.05226039043847704,30,0.018701140542025034,421,430,425.5
large,adaptive_probdpp,43,0.24747604445312849,0.0713531736320048,30,0.025533405261916806,431,440,435.5
large,adaptive_probdpp,44,0.20427802484296417,0.07251902176652526,30,0.025950598658892897,441,450,445.5
large,adaptive_probdpp,45,0.24743167971603255,0.0795713894228643,30,0.02847425601370143,451,460,455.5
large,adaptive_probdpp,46,0.19786222689591015,0.07741202405490924,30,0.0277015370407108,461,470,465.5
large,adaptive_probdpp,47,0.15402690095644953,0.057852670961576154,30,0.020702312426418505,471,480,475.5
large,adaptive_probdpp,48,0.1494932423606944,0.06169671320953956,30,0.022077885278543957,481,490,485.5
large,adaptive_probdpp,49,0.128730939455223,0.07611684718496155,30,0.027238063950126335,491,500,495.5
large,adaptive_probdpp,50,0.16111227793939584,0.06835166429233398,30,0.02445932893894205,501,510,505.5
large,adaptive_probdpp,51,0.1465910197881217,0.05893935319699463,30,0.02109117667022868,511,520,515.5
large,adaptive_probdpp,52,0.0993013088856384,0.05047155311721626,30,0.01806101332768476,521,530,525.5
large,adaptive_probdpp,53,0.12198432912427275,0.05129541302567678,30,0.01835582780966223,531,540,535.5
large,adaptive_probdpp,54,0.13352904625549294,0.06143951405336023,30,0.021985847742531626,541,550,545.5
large,adaptive_probdpp,55,0.0833411962700837,0.0456957546689843,30,0.016352015801424147,551,560,555.5
large,adaptive_probdpp,56,0.0973178192581396,0.05352654914274332,30,0.019154229615381026,561,570,565.5
large,adaptive_probdpp,57,0.09073316920298133,0.03175527071094306,30,0.01136347768420353,571,580,575.5
large,adaptive_probdpp,58,0.10271462855509596,0.050628250275790085,30,0.018117086685737353,581,590,585.5
large,adaptive_probdpp,59,0.10641512882101577,0.07780834222589136,30,0.02784335767681225,591,600,595.5
large,online_probdpp,0,1.09488465319908,0.16408454375802362,30,0.05871689989008585,1,10,5.5
large,online_probdpp,1,0.7712522676286895,0.20589830127279718,30,0.0736797608506157,11,20,15.5
large,online_probdpp,2,0.7690460876722861,0.14465711621936986,30,0.05176488422923693,21,30,25.5
large,online_probdpp,3,0.5503309351487722,0.12595254132669112,30,0.04507153806569052,31,40,35.5
large,online_probdpp,4,0.4785675702441929,0.11300279606952184,30,0.04043753123937638,41,50,45.5
large,online_probdpp,5,0.4697859761175599,0.13347570323385988,30,0.047763666979499526,51,60,55.5
large,online_probdpp,6,0.29298871504570123,0.1173079034543479,30,0.0419780941317819,61,70,65.5
large,online_probdpp,7,0.3228102902273502,0.11718766335856402,30,0.04193506676610066,71,80,75.5
large,online_probdpp,8,0.33547949154487605,0.16878330201202912,30,0.060398328936901016,81,90,85.5
large,online_probdpp,9,0.14115914936799673,0.07594577540377966,30,0.027176846699435805,91,100,95.5
large,online_probdpp,10,0.35078696650227525,0.10172277653090875,30,0.03640102808778341,101,110,105.5
large,online_probdpp,11,0.08492364866112703,0.06684648076704135,30,0.023920705931883272,111,120,115.5
large,online_probdpp,12,0.15206687824408502,0.08312891324448642,30,0.029747299563731514,121,130,125.5
large,online_probdpp,13,0.31062734973931394,0.07175131499419922,30,0.025675878318614623,131,140,135.5
large,online_probdpp,14,0.12096592198143934,0.04393287951649897,30,0.015721179029864186,141,150,145.5
large,online_probdpp,15,0.17764749910056984,0.07543281197648441,30,0.026993285094436693,151,160,155.5
large,online_probdpp,16,0.1789319561799273,0.04917797096631811,30,0.01759811089998322,161,170,165.5
large,online_probdpp,17,0.17927486084247993,0.051778196817227624,30,0.018528589770708672,171,180,175.5
large,online_probdpp,18,0.18162997399026548,0.07232471994164583,30,0.025881068643824983,181,190,185.5
large,online_probdpp,19,0.13979666534117718,0.08976656657491912,30,0.03212255330294334,191,200,195.5
large,online_probdpp,20,0.24208497552111388,0.07980938794811708,30,0.02855942269217825,201,210,205.5
large,online_probdpp,21,0.15908571851319425,0.06139591624452964,30,0.021970246467006807,211,220,215.5
large,online_probdpp,22,0.1565831990338456,0.07899964128758523,30,0.028269658571110905,221,230,225.5
large,online_probdpp,23,0.2331990869882856,0.03076485781094465,30,0.011009062979642348,231,240,235.5
large,online_probdpp,24,0.03663317769946647,0.007843646871400583,30,0.0028068129853863356,241,250,245.5
large,online_probdpp,25,0.0960614622882186,0.03757266837720942,30,0.0134452067036943,251,260,255.5
large,online_probdpp,26,0.14669688966379862,0.071172912501118,30,0.025468899644666455,261,270,265.5
large,online_probdpp,27,0.09285452330237674,0.04237013869841679,30,0.015161959410100363,271,280,275.5
large,online_probdpp,28,0.23564613407876314,0.03049749142825999,30,0.01091338714835125,281,290,285.5
large,online_probdpp,29,0.020735224833643217,0.016125506268381586,30,0.005770438309130586,291,300,295.5
large,online_probdpp,30,0.7024949334507231,0.08447265680964815,30,0.03022815202299729,301,310,305.5
large,online_probdpp,31,0.6151130142286185,0.05709388537583258,30,0.02043078449175911,311,320,315.5
large,online_probdpp,32,0.5592932111868713,0.02214951253304692,30,0.007926101266034217,321,330,325.5
large,online_probdpp,33,0.5823083606351087,0.042264056438579896,30,0.015123998360946685,331,340,335.5
large,online_probdpp,34,0.48230717189481404,0.04592049137354582,30,0.01643243679831479,341,350,345.5
large,online_probdpp,35,0.5356726840583589,0.04821449743281211,30,0.017253336323914393,351,360,355.5
large,online_probdpp,36,0.45964670204843394,0.04788300241385206,30,0.01713471235485218,361,370,365.5
large,online_probdpp,37,0.4313670873848353,0.07748004132332333,30,0.027725876707621517,371,380,375.5
large,online_probdpp,38,0.605417327817753,0.03359772465625882,30,0.012022791361052568,381,390,385.5
large,online_probdpp,39,0.4727817966939563,0.052762356242325184,30,0.018880766698016076,391,400,395.5
large,online_probdpp,40,0.48440622859258475,0.052710373867260366,30,0.01886216504399782,401,410,405.5
large,online_probdpp,41,0.3489727067149084,0.04213378870088295,30,0.01507738264969152,411,420,415.5
large,online_probdpp,42,0.40505326186362095,0.05987914230742164,30,0.02142747588434669,421,430,425.5
large,online_probdpp,43,0.4530686343313028,0.07086448717800999,30,0.02535853106024203,431,440,435.5
large,online_probdpp,44,0.39453736081182156,0.06185542607324638,30,0.02213467994741469,441,450,445.5
large,online_probdpp,45,0.4031672053893533,0.03605472290189574,30,0.012902016891471395,451,460,455.5
large,online_probdpp,46,0.45462628564788243,0.05268985226411362,30,0.01885482148262419,461,470,465.5
large,online_probdpp,47,0.3033742925673563,0.040530316542740745,30,0.014503587507078817,471,480,475.5
large,online_probdpp,48,0.3198220227678394,0.04440283739913611,30,0.0158893512983507,481,490,485.5
large,online_probdpp,49,0.36269644068732126,0.07848020382040898,30,0.02808378026069353,491,500,495.5
large,online_probdpp,50,0.38588280239390216,0.06329930163447807,30,0.02265136418129115,501,510,505.5
large,online_probdpp,51,0.34182732005844607,0.07215607505529074,30,0.025820719846294797,511,520,515.5
large,online_probdpp,52,0.3319733418807058,0.05537106320021343,30,0.01981428049389671,521,530,525.5
large,online_probdpp,53,0.3204347338945928,0.06014725926224673,30,0.021523420304428793,531,540,535.5
large,online_probdpp,54,0.29325408054025165,0.04230519471531455,30,0.0151387195042144,541,550,545.5
large,online_probdpp,55,0.21694046600137779,0.05992676858766254,30,0.021444518729851786,551,560,555.5
large,online_probdpp,56,0.2675855412461044,0.04699326675072569,30,0.016816324536816907,561,570,565.5
large,online_probdpp,57,0.27870737859111316,0.0590303343823217,30,0.02112373386926998,571,580,575.5
large,online_probdpp,58,0.3058995239866264,0.058534126884120206,30,0.020946168296490784,581,590,585.5
large,online_probdpp,59,0.3706724148854167,0.07137121841727323,30,0.025539862505395555,591,600,595.5
large,oracle_probdpp,0,0.0,0.0,30,0.0,1,10,5.5
large,oracle_probdpp,1,0.0,0.0,30,0.0,11,20,15.5
large,oracle_probdpp,2,0.0,0.0,30,0.0,21,30,25.5
large,oracle_probdpp,3,0.0,0.0,30,0.0,31,40,35.5
large,oracle_probdpp,4,0.0,0.0,30,0.0,41,50,45.5
large,oracle_probdpp,5,0.0,0.0,30,0.0,51,60,55.5
large,oracle_probdpp,6,0.0,0.0,30,0.0,61,70,65.5
large,oracle_probdpp,7,0.0,0.0,30,0.0,71,80,75.5
large,oracle_probdpp,8,0.0,0.0,30,0.0,81,90,85.5
large,oracle_probdpp,9,0.0,0.0,30,0.0,91,100,95.5
large,oracle_probdpp,10,0.0,0.0,30,0.0,101,110,105.5
large,oracle_probdpp,11,0.0,0.0,30,0.0,111,120,115.5
large,oracle_probdpp,12,0.0,0.0,30,0.0,121,130,125.5
large,oracle_probdpp,13,0.0,0.0,30,0.0,131,140,135.5
large,oracle_probdpp,14,0.0,0.0,30,0.0,141,150,145.5
large,oracle_probdpp,15,0.0,0.0,30,0.0,151,160,155.5
large,oracle_probdpp,16,0.0,0.0,30,0.0,161,170,165.5
large,oracle_probdpp,17,0.0,0.0,30,0.0,171,180,175.5
large,oracle_probdpp,18,0.0,0.0,30,0.0,181,190,185.5
large,oracle_probdpp,19,0.0,0.0,30,0.0,191,200,195.5
large,oracle_probdpp,20,0.0,0.0,30,0.0,201,210,205.5
large,oracle_probdpp,21,0.0,0.0,30,0.0,211,220,215.5
large,oracle_probdpp,22,0.0,0.0,30,0.0,221,230,225.5
large,oracle_probdpp,23,0.0,0.0,30,0.0,231,240,235.5
large,oracle_probdpp,24,0.0,0.0,30,0.0,241,250,245.5
large,oracle_probdpp,25,0.0,0.0,30,0.0,251,260,255.5
large,oracle_probdpp,26,0.0,0.0,30,0.0,261,270,265.5
large,oracle_probdpp,27,0.0,0.0,30,0.0,271,280,275.5
large,oracle_probdpp,28,0.0,0.0,30,0.0,281,290,285.5
large,oracle_probdpp,29,0.0,0.0,30,0.0,291,300,295.5
large,oracle_probdpp,30,0.0,0.0,30,0.0,301,310,305.5
large,oracle_probdpp,31,0.0,0.0,30,0.0,311,320,315.5
large,oracle_probdpp,32,0.0,0.0,30,0.0,321,330,325.5
large,oracle_probdpp,33,0.0,0.0,30,0.0,331,340,335.5
large,oracle_probdpp,34,0.0,0.0,30,0.0,341,350,345.5
large,oracle_probdpp,35,0.0,0.0,30,0.0,351,360,355.5
large,oracle_probdpp,36,0.0,0.0,30,0.0,361,370,365.5
large,oracle_probdpp,37,0.0,0.0,30,0.0,371,380,375.5
large,oracle_probdpp,38,0.0,0.0,30,0.0,381,390,385.5
large,oracle_probdpp,39,0.0,0.0,30,0.0,391,400,395.5
large,oracle_probdpp,40,0.0,0.0,30,0.0,401,410,405.5
large,oracle_probdpp,41,0.0,0.0,30,0.0,411,420,415.5
large,oracle_probdpp,42,0.0,0.0,30,0.0,421,430,425.5
large,oracle_probdpp,43,0.0,0.0,30,0.0,431,440,435.5
large,oracle_probdpp,44,0.0,0.0,30,0.0,441,450,445.5
large,oracle_probdpp,45,0.0,0.0,30,0.0,451,460,455.5
large,oracle_probdpp,46,0.0,0.0,30,0.0,461,470,465.5
large,oracle_probdpp,47,0.0,0.0,30,0.0,471,480,475.5
large,oracle_probdpp,48,0.0,0.0,30,0.0,481,490,485.5
large,oracle_probdpp,49,0.0,0.0,30,0.0,491,500,495.5
large,oracle_probdpp,50,0.0,0.0,30,0.0,501,510,505.5
large,oracle_probdpp,51,0.0,0.0,30,0.0,511,520,515.5
large,oracle_probdpp,52,0.0,0.0,30,0.0,521,530,525.5
large,oracle_probdpp,53,0.0,0.0,30,0.0,531,540,535.5
large,oracle_probdpp,54,0.0,0.0,30,0.0,541,550,545.5
large,oracle_probdpp,55,0.0,0.0,30,0.0,551,560,555.5
large,oracle_probdpp,56,0.0,0.0,30,0.0,561,570,565.5
large,oracle_probdpp,57,0.0,0.0,30,0.0,571,580,575.5
large,oracle_probdpp,58,0.0,0.0,30,0.0,581,590,585.5
large,oracle_probdpp,59,0.0,0.0,30,0.0,591,600,595.5
large,static_probdpp,0,0.0,0.0,30,0.0,1,10,5.5
large,static_probdpp,1,0.0,0.0,30,0.0,11,20,15.5
large,static_probdpp,2,0.0,0.0,30,0.0,21,30,25.5
large,static_probdpp,3,0.0,0.0,30,0.0,31,40,35.5
large,static_probdpp,4,0.0,0.0,30,0.0,41,50,45.5
large,static_probdpp,5,0.0,0.0,30,0.0,51,60,55.5
large,static_probdpp,6,0.0,0.0,30,0.0,61,70,65.5
large,static_probdpp,7,0.0,0.0,30,0.0,71,80,75.5
large,static_probdpp,8,0.0,0.0,30,0.0,81,90,85.5
large,static_probdpp,9,0.0,0.0,30,0.0,91,100,95.5
large,static_probdpp,10,0.0,0.0,30,0.0,101,110,105.5
large,static_probdpp,11,0.0,0.0,30,0.0,111,120,115.5
large,static_probdpp,12,0.0,0.0,30,0.0,121,130,125.5
large,static_probdpp,13,0.0,0.0,30,0.0,131,140,135.5
large,static_probdpp,14,0.0,0.0,30,0.0,141,150,145.5
large,static_probdpp,15,0.0,0.0,30,0.0,151,160,155.5
large,static_probdpp,16,0.0,0.0,30,0.0,161,170,165.5
large,static_probdpp,17,0.0,0.0,30,0.0,171,180,175.5
large,static_probdpp,18,0.0,0.0,30,0.0,181,190,185.5
large,static_probdpp,19,0.0,0.0,30,0.0,191,200,195.5
large,static_probdpp,20,0.0,0.0,30,0.0,201,210,205.5
large,static_probdpp,21,0.0,0.0,30,0.0,211,220,215.5
large,static_probdpp,22,0.0,0.0,30,0.0,221,230,225.5
large,static_probdpp,23,0.0,0.0,30,0.0,231,240,235.5
large,static_probdpp,24,0.0,0.0,30,0.0,241,250,245.5
large,static_probdpp,25,0.0,0.0,30,0.0,251,260,255.5
large,static_probdpp,26,0.0,0.0,30,0.0,261,270,265.5
large,static_probdpp,27,0.0,0.0,30,0.0,271,280,275.5
large,static_probdpp,28,0.0,0.0,30,0.0,281,290,285.5
large,static_probdpp,29,0.0,0.0,30,0.0,291,300,295.5
large,static_probdpp,30,0.8763174774499973,2.2584051416334807e-16,30,8.081599008380938e-17,301,310,305.5
large,static_probdpp,31,0.6790975382481614,1.1292025708167404e-16,30,4.040799504190469e-17,311,320,315.5
large,static_probdpp,32,0.6888233993190213,3.387607712450221e-16,30,1.2122398512571408e-16,321,330,325.5
large,static_probdpp,33,0.7744067280885436,2.2584051416334807e-16,30,8.081599008380938e-17,331,340,335.5
large,static_probdpp,34,0.7827037831692256,1.1292025708167404e-16,30,4.040799504190469e-17,341,350,345.5
large,static_probdpp,35,0.7468594909696482,1.1292025708167404e-16,30,4.040799504190469e-17,351,360,355.5
large,static_probdpp,36,0.6295750268066932,2.2584051416334807e-16,30,8.081599008380938e-17,361,370,365.5
large,static_probdpp,37,0.854049707670032,2.2584051416334807e-16,30,8.081599008380938e-17,371,380,375.5
large,static_probdpp,38,0.7271850129387338,2.2584051416334807e-16,30,8.081599008380938e-17,381,390,385.5
large,static_probdpp,39,0.7965788396695136,1.1292025708167404e-16,30,4.040799504190469e-17,391,400,395.5
large,static_probdpp,40,0.6717386558333126,0.0,30,0.0,401,410,405.5
large,static_probdpp,41,0.7683100285087818,2.2584051416334807e-16,30,8.081599008380938e-17,411,420,415.5
large,static_probdpp,42,0.8455532568033133,0.0,30,0.0,421,430,425.5
large,static_probdpp,43,0.7134810515505624,1.1292025708167404e-16,30,4.040799504190469e-17,431,440,435.5
large,static_probdpp,44,0.7823037340935033,0.0,30,0.0,441,450,445.5
large,static_probdpp,45,0.7470931845336134,3.387607712450221e-16,30,1.2122398512571408e-16,451,460,455.5
large,static_probdpp,46,0.6968913297884404,3.387607712450221e-16,30,1.2122398512571408e-16,461,470,465.5
large,static_probdpp,47,0.7892622318910187,1.1292025708167404e-16,30,4.040799504190469e-17,471,480,475.5
large,static_probdpp,48,0.7110296387189836,1.1292025708167404e-16,30,4.040799504190469e-17,481,490,485.5
large,static_probdpp,49,0.7319177822365798,1.1292025708167404e-16,30,4.040799504190469e-17,491,500,495.5
large,static_probdpp,50,0.6003870451130415,0.0,30,0.0,501,510,505.5
large,static_probdpp,51,0.7614916070038078,2.2584051416334807e-16,30,8.081599008380938e-17,511,520,515.5
large,static_probdpp,52,0.7796841749107484,0.0,30,0.0,521,530,525.5
large,static_probdpp,53,0.8011679736617405,2.2584051416334807e-16,30,8.081599008380938e-17,531,540,535.5
large,static_probdpp,54,0.6279037246375577,1.1292025708167404e-16,30,4.040799504190469e-17,541,550,545.5
large,static_probdpp,55,0.7282342180743933,3.387607712450221e-16,30,1.2122398512571408e-16,551,560,555.5
large,static_probdpp,56,0.7920729629481429,2.2584051416334807e-16,30,8.081599008380938e-17,561,570,565.5
large,static_probdpp,57,0.747422085567577,2.2584051416334807e-16,30,8.081599008380938e-17,571,580,575.5
large,static_probdpp,58,0.8283417990874954,2.2584051416334807e-16,30,8.081599008380938e-17,581,590,585.5
large,static_probdpp,59,0.7696067534677709,3.387607712450221e-16,30,1.2122398512571408e-16,591,600,595.5
moderate,adaptive_probdpp,0,1.09488465319908,0.16408454375802362,30,0.05871689989008585,1,10,5.5
moderate,adaptive_probdpp,1,0.7712522676286895,0.20589830127279718,30,0.0736797608506157,11,20,15.5
moderate,adaptive_probdpp,2,0.7690460876722861,0.14465711621936986,30,0.05176488422923693,21,30,25.5
moderate,adaptive_probdpp,3,0.5503309351487722,0.12595254132669112,30,0.04507153806569052,31,40,35.5
moderate,adaptive_probdpp,4,0.4785675702441929,0.11300279606952184,30,0.04043753123937638,41,50,45.5
moderate,adaptive_probdpp,5,0.4697859761175599,0.13347570323385988,30,0.047763666979499526,51,60,55.5
moderate,adaptive_probdpp,6,0.29298871504570123,0.1173079034543479,30,0.0419780941317819,61,70,65.5
moderate,adaptive_probdpp,7,0.3228102902273502,0.11718766335856402,30,0.04193506676610066,71,80,75.5
moderate,adaptive_probdpp,8,0.33547949154487605,0.16878330201202912,30,0.060398328936901016,81,90,85.5
moderate,adaptive_probdpp,9,0.14115914936799673,0.07594577540377966,30,0.027176846699435805,91,100,95.5
moderate,adaptive_probdpp,10,0.34952135195058104,0.10344184258685385,30,0.03701618797548269,101,110,105.5
moderate,adaptive_probdpp,11,0.08206496590929015,0.0678723146041646,30,0.024287795856008335,111,120,115.5
moderate,adaptive_probdpp,12,0.15077363568754976,0.08396987898415272,30,0.030048235288791622,121,130,125.5
moderate,adaptive_probdpp,13,0.2592215654705289,0.0761028051733931,30,0.027233039080820327,131,140,135.5
moderate,adaptive_probdpp,14,0.11120975265468336,0.048933861071297775,30,0.017510757295921487,141,150,145.5
moderate,adaptive_probdpp,15,0.15016978228059685,0.08616029522605011,30,0.030832065674320046,151,160,155.5
moderate,adaptive_probdpp,16,0.1592851560229565,0.022248387596901526,30,0.007961483253228199,161,170,165.5
moderate,adaptive_probdpp,17,0.16258547204408472,0.03681699874362094,30,0.013174793798193423,171,180,175.5
moderate,adaptive_probdpp,18,0.15570763704570031,0.0900960496425262,30,0.032240457304460346,181,190,185.5
moderate,adaptive_probdpp,19,0.1217766109944741,0.07552291668837685,30,0.027025528651487475,191,200,195.5
moderate,adaptive_probdpp,20,0.19648805367776226,0.0868224585705407,30,0.03106901778400002,201,210,205.5
moderate,adaptive_probdpp,21,0.13220184178620448,0.05920028428492957,30,0.021184549660868687,211,220,215.5
moderate,adaptive_probdpp,22,0.09179913741669658,0.08415355991780786,30,0.030113964666746023,221,230,225.5
moderate,adaptive_probdpp,23,0.22556856069946965,0.03757848096089864,30,0.01344728671005423,231,240,235.5
moderate,adaptive_probdpp,24,0.03602540181129808,0.007417991666658677,30,0.0026544942265800094,241,250,245.5
moderate,adaptive_probdpp,25,0.08460174564053352,0.037974432408694615,30,0.013588976115948889,251,260,255.5
moderate,adaptive_probdpp,26,0.11063467016292552,0.06671415557734219,30,0.023873353970884675,261,270,265.5
moderate,adaptive_probdpp,27,0.07701503322998415,0.019489045696657922,30,0.006974065435508239,271,280,275.5
moderate,adaptive_probdpp,28,0.21680814208326066,0.04299470714975921,30,0.015385458360044485,281,290,285.5
moderate,adaptive_probdpp,29,0.02132381058851062,0.016861004897905558,30,0.006033633113528137,291,300,295.5
moderate,adaptive_probdpp,30,0.14291963733073815,0.03317257722377568,30,0.011870654306215438,301,310,305.5
moderate,adaptive_probdpp,31,0.06478044661521488,0.009295401565308645,30,0.0033263167306804052,311,320,315.5
moderate,adaptive_probdpp,32,0.036740208258434694,0.007259301225711834,30,0.0025977075815908847,321,330,325.5
moderate,adaptive_probdpp,33,0.13148111470504453,0.02826172546022207,30,0.010113328571740044,331,340,335.5
moderate,adaptive_probdpp,34,0.048052030975774394,0.025470359256129817,30,0.009114451004063964,341,350,345.5
moderate,adaptive_probdpp,35,0.045804682863772934,0.018960394674682208,30,0.00678489009684919,351,360,355.5
moderate,adaptive_probdpp,36,0.04831802869759082,0.01633079087872349,30,0.00584389846350196,361,370,365.5
moderate,adaptive_probdpp,37,0.09991830094313084,0.04128414219409591,30,0.014773340552012005,371,380,375.5
moderate,adaptive_probdpp,38,0.061345028611266776,0.022866835162582828,30,0.008182791872368632,381,390,385.5
moderate,adaptive_probdpp,39,0.06678549960967878,0.02801911258368265,30,0.010026510668861763,391,400,395.5
moderate,adaptive_probdpp,40,0.037604303450266045,0.012918504319843599,30,0.004622827400468097,401,410,405.5
moderate,adaptive_probdpp,41,0.02746863384995956,0.026595352867360585,30,0.009517024797638555,411,420,415.5
moderate,adaptive_probdpp,42,0.08009009714663626,0.021104346166951553,30,0.007552093285264209,421,430,425.5
moderate,adaptive_probdpp,43,0.046884971366593794,0.020635416564342635,30,0.007384288982060061,431,440,435.5
moderate,adaptive_probdpp,44,0.03973594452692004,0.021508795164371652,30,0.007696823500239134,441,450,445.5
moderate,adaptive_probdpp,45,0.09237274012375517,0.05297657103232485,30,0.01895742247613699,451,460,455.5
moderate,adaptive_probdpp,46,0.0386562568198019,0.027848766260668036,30,0.009965553020042362,461,470,465.5
moderate,adaptive_probdpp,47,0.0428168993587073,0.0277905034576057,30,0.009944703943728558,471,480,475.5
moderate,adaptive_probdpp,48,0.032336466477782516,0.0318137941800171,30,0.011384420038651664,481,490,485.5
moderate,adaptive_probdpp,49,0.04127573847085661,0.02883514593686532,30,0.010318524454002054,491,500,495.5
moderate,adaptive_probdpp,50,0.031430923235359114,0.037317179677907174,30,0.013353781246814578,501,510,505.5
moderate,adaptive_probdpp,51,0.057410383999895585,0.038191888159059974,30,0.013666791656841978,511,520,515.5
moderate,adaptive_probdpp,52,0.047909954742740075,0.036544389108515846,30,0.01307724169312042,521,530,525.5
moderate,adaptive_probdpp,53,0.06794060619611321,0.04784036048664506,30,0.01711945313717336,531,540,535.5
moderate,adaptive_probdpp,54,0.020226427434776057,0.024144650207205184,30,0.008640052113551266,541,550,545.5
moderate,adaptive_probdpp,55,0.08575072039754837,0.03995470297462931,30,0.014297606837113844,551,560,555.5
moderate,adaptive_probdpp,56,0.07585918551243552,0.03574947534489466,30,0.012792785456044073,561,570,565.5
moderate,adaptive_probdpp,57,0.061649991735408624,0.05444824542584304,30,0.01948405439439032,571,580,575.5
moderate,adaptive_probdpp,58,0.03829552655173505,0.03613045901890036,30,0.01292911871287623,581,590,585.5
moderate,adaptive_probdpp,59,0.04186081962750489,0.02932846617853364,30,0.010495056835300004,591,600,595.5
moderate,online_probdpp,0,1.09488465319908,0.16408454375802362,30,0.05871689989008585,1,10,5.5
moderate,online_probdpp,1,0.7712522676286895,0.20589830127279718,30,0.0736797608506157,11,20,15.5
moderate,online_probdpp,2,0.7690460876722861,0.14465711621936986,30,0.05176488422923693,21,30,25.5
moderate,online_probdpp,3,0.5503309351487722,0.12595254132669112,30,0.04507153806569052,31,40,35.5
moderate,online_probdpp,4,0.4785675702441929,0.11300279606952184,30,0.04043753123937638,41,50,45.5
moderate,online_probdpp,5,0.4697859761175599,0.13347570323385988,30,0.047763666979499526,51,60,55.5
moderate,online_probdpp,6,0.29298871504570123,0.1173079034543479,30,0.0419780941317819,61,70,65.5
moderate,online_probdpp,7,0.3228102902273502,0.11718766335856402,30,0.04193506676610066,71,80,75.5
moderate,online_probdpp,8,0.33547949154487605,0.16878330201202912,30,0.060398328936901016,81,90,85.5
moderate,online_probdpp,9,0.14115914936799673,0.07594577540377966,30,0.027176846699435805,91,100,95.5
moderate,online_probdpp,10,0.35078696650227525,0.10172277653090875,30,0.03640102808778341,101,110,105.5
moderate,online_probdpp,11,0.08492364866112703,0.06684648076704135,30,0.023920705931883272,111,120,115.5
moderate,online_probdpp,12,0.15206687824408502,0.08312891324448642,30,0.029747299563731514,121,130,125.5
moderate,online_probdpp,13,0.31062734973931394,0.07175131499419922,30,0.025675878318614623,131,140,135.5
moderate,online_probdpp,14,0.12096592198143934,0.04393287951649897,30,0.015721179029864186,141,150,145.5
moderate,online_probdpp,15,0.17764749910056984,0.07543281197648441,30,0.026993285094436693,151,160,155.5
moderate,online_probdpp,16,0.1789319561799273,0.04917797096631811,30,0.01759811089998322,161,170,165.5
moderate,online_probdpp,17,0.17927486084247993,0.051778196817227624,30,0.018528589770708672,171,180,175.5
moderate,online_probdpp,18,0.18162997399026548,0.07232471994164583,30,0.025881068643824983,181,190,185.5
moderate,online_probdpp,19,0.13979666534117718,0.08976656657491912,30,0.03212255330294334,191,200,195.5
moderate,online_probdpp,20,0.24208497552111388,0.07980938794811708,30,0.02855942269217825,201,210,205.5
moderate,online_probdpp,21,0.15908571851319425,0.06139591624452964,30,0.021970246467006807,211,220,215.5
moderate,online_probdpp,22,0.1565831990338456,0.07899964128758523,30,0.028269658571110905,221,230,225.5
moderate,online_probdpp,23,0.2331990869882856,0.03076485781094465,30,0.011009062979642348,231,240,235.5
moderate,online_probdpp,24,0.03663317769946647,0.007843646871400583,30,0.0028068129853863356,241,250,245.5
moderate,online_probdpp,25,0.0960614622882186,0.03757266837720942,30,0.0134452067036943,251,260,255.5
moderate,online_probdpp,26,0.14669688966379862,0.071172912501118,30,0.025468899644666455,261,270,265.5
moderate,online_probdpp,27,0.09285452330237674,0.04237013869841679,30,0.015161959410100363,271,280,275.5
moderate,online_probdpp,28,0.23564613407876314,0.03049749142825999,30,0.01091338714835125,281,290,285.5
moderate,online_probdpp,29,0.020735224833643217,0.016125506268381586,30,0.005770438309130586,291,300,295.5
moderate,online_probdpp,30,0.14766412214205749,0.04075429419045133,30,0.0145837368789638,301,310,305.5
moderate,online_probdpp,31,0.07811530549744684,0.02674354405821785,30,0.009570054334235191,311,320,315.5
moderate,online_probdpp,32,0.03702809966854457,0.008275056475334544,30,0.002961190929497682,321,330,325.5
moderate,online_probdpp,33,0.14262661213569247,0.03539845381559376,30,0.012667174014995607,331,340,335.5
moderate,online_probdpp,34,0.06190189411203488,0.027006778679698043,30,0.009664251633767867,341,350,345.5
moderate,online_probdpp,35,0.058050807738906036,0.018753143983573424,30,0.00671072638951103,351,360,355.5
moderate,online_probdpp,36,0.05767743269046184,0.018314225073508716,30,0.0065536612747117895,361,370,365.5
moderate,online_probdpp,37,0.1278612999268474,0.023817245156442488,30,0.008522891720811951,371,380,375.5
moderate,online_probdpp,38,0.06543921358281483,0.014658327744871708,30,0.005245415217297777,381,390,385.5
moderate,online_probdpp,39,0.08552001087235844,0.022870118818922505,30,0.008183966913698878,391,400,395.5
moderate,online_probdpp,40,0.0364908745598561,0.011394268844240862,30,0.004077386740549105,401,410,405.5
moderate,online_probdpp,41,0.03324395972777144,0.02816483669689917,30,0.010078657373062766,411,420,415.5
moderate,online_probdpp,42,0.09669984398251649,0.02157754667804337,30,0.007721425913440877,421,430,425.5
moderate,online_probdpp,43,0.07631272194244253,0.0236463458452958,30,0.008461736187730889,431,440,435.5
moderate,online_probdpp,44,0.06862554994728452,0.01770482733619426,30,0.006335591095061563,441,450,445.5
moderate,online_probdpp,45,0.09429843254697125,0.044772989859806475,30,0.016021808655268498,451,460,455.5
moderate,online_probdpp,46,0.06480167888884444,0.025078033567990616,30,0.008974059059599348,461,470,465.5
moderate,online_probdpp,47,0.0626475915898301,0.02401210582292086,30,0.008592621714777737,471,480,475.5
moderate,online_probdpp,48,0.024527119730883954,0.015552849610749979,30,0.005565515755991561,481,490,485.5
moderate,online_probdpp,49,0.05201786994491805,0.014946969575694564,30,0.0053487043699282045,491,500,495.5
moderate,online_probdpp,50,0.04030826805325439,0.018715416247280906,30,0.006697225692466498,501,510,505.5
moderate,online_probdpp,51,0.05429454785409779,0.02053851345558436,30,0.007349612649934663,511,520,515.5
moderate,online_probdpp,52,0.07039337067854005,0.04750263763206179,30,0.016998600565755036,521,530,525.5
moderate,online_probdpp,53,0.09703736932851498,0.049332210120132856,30,0.017653304672329184,531,540,535.5
moderate,online_probdpp,54,0.026567105605397264,0.01091107392665887,30,0.0039044776599418537,541,550,545.5
moderate,online_probdpp,55,0.10737685853329117,0.03564166383956039,30,0.012754205604336363,551,560,555.5
moderate,online_probdpp,56,0.07047067743617401,0.027428576689936597,30,0.009815190113247921,561,570,565.5
moderate,online_probdpp,57,0.07316034504595155,0.04467501191368099,30,0.015986747697530942,571,580,575.5
moderate,online_probdpp,58,0.06304602713777172,0.029862106831163394,30,0.010686017690357439,581,590,585.5
moderate,online_probdpp,59,0.06928621286570384,0.025389628797181638,30,0.009085561980347438,591,600,595.5
moderate,oracle_probdpp,0,0.0,0.0,30,0.0,1,10,5.5
moderate,oracle_probdpp,1,0.0,0.0,30,0.0,11,20,15.5
moderate,oracle_probdpp,2,0.0,0.0,30,0.0,21,30,25.5
moderate,oracle_probdpp,3,0.0,0.0,30,0.0,31,40,35.5
moderate,oracle_probdpp,4,0.0,0.0,30,0.0,41,50,45.5
moderate,oracle_probdpp,5,0.0,0.0,30,0.0,51,60,55.5
moderate,oracle_probdpp,6,0.0,0.0,30,0.0,61,70,65.5
moderate,oracle_probdpp,7,0.0,0.0,30,0.0,71,80,75.5
moderate,oracle_probdpp,8,0.0,0.0,30,0.0,81,90,85.5
moderate,oracle_probdpp,9,0.0,0.0,30,0.0,91,100,95.5
moderate,oracle_probdpp,10,0.0,0.0,30,0.0,101,110,105.5
moderate,oracle_probdpp,11,0.0,0.0,30,0.0,111,120,115.5
moderate,oracle_probdpp,12,0.0,0.0,30,0.0,121,130,125.5
moderate,oracle_probdpp,13,0.0,0.0,30,0.0,131,140,135.5
moderate,oracle_probdpp,14,0.0,0.0,30,0.0,141,150,145.5
moderate,oracle_probdpp,15,0.0,0.0,30,0.0,151,160,155.5
moderate,oracle_probdpp,16,0.0,0.0,30,0.0,161,170,165.5
moderate,oracle_probdpp,17,0.0,0.0,30,0.0,171,180,175.5
moderate,oracle_probdpp,18,0.0,0.0,30,0.0,181,190,185.5
moderate,oracle_probdpp,19,0.0,0.0,30,0.0,191,200,195.5
moderate,oracle_probdpp,20,0.0,0.0,30,0.0,201,210,205.5
moderate,oracle_probdpp,21,0.0,0.0,30,0.0,211,220,215.5
moderate,oracle_probdpp,22,0.0,0.0,30,0.0,221,230,225.5
moderate,oracle_probdpp,23,0.0,0.0,30,0.0,231,240,235.5
moderate,oracle_probdpp,24,0.0,0.0,30,0.0,241,250,245.5
moderate,oracle_probdpp,25,0.0,0.0,30,0.0,251,260,255.5
moderate,oracle_probdpp,26,0.0,0.0,30,0.0,261,270,265.5
moderate,oracle_probdpp,27,0.0,0.0,30,0.0,271,280,275.5
moderate,oracle_probdpp,28,0.0,0.0,30,0.0,281,290,285.5
moderate,oracle_probdpp,29,0.0,0.0,30,0.0,291,300,295.5
moderate,oracle_probdpp,30,0.0,0.0,30,0.0,301,310,305.5
moderate,oracle_probdpp,31,0.0,0.0,30,0.0,311,320,315.5
moderate,oracle_probdpp,32,0.0,0.0,30,0.0,321,330,325.5
moderate,oracle_probdpp,33,0.0,0.0,30,0.0,331,340,335.5
moderate,oracle_probdpp,34,0.0,0.0,30,0.0,341,350,345.5
moderate,oracle_probdpp,35,0.0,0.0,30,0.0,351,360,355.5
moderate,oracle_probdpp,36,0.0,0.0,30,0.0,361,370,365.5
moderate,oracle_probdpp,37,0.0,0.0,30,0.0,371,380,375.5
moderate,oracle_probdpp,38,0.0,0.0,30,0.0,381,390,385.5
moderate,oracle_probdpp,39,0.0,0.0,30,0.0,391,400,395.5
moderate,oracle_probdpp,40,0.0,0.0,30,0.0,401,410,405.5
moderate,oracle_probdpp,41,0.0,0.0,30,0.0,411,420,415.5
moderate,oracle_probdpp,42,0.0,0.0,30,0.0,421,430,425.5
moderate,oracle_probdpp,43,0.0,0.0,30,0.0,431,440,435.5
moderate,oracle_probdpp,44,0.0,0.0,30,0.0,441,450,445.5
moderate,oracle_probdpp,45,0.0,0.0,30,0.0,451,460,455.5
moderate,oracle_probdpp,46,0.0,0.0,30,0.0,461,470,465.5
moderate,oracle_probdpp,47,0.0,0.0,30,0.0,471,480,475.5
moderate,oracle_probdpp,48,0.0,0.0,30,0.0,481,490,485.5
moderate,oracle_probdpp,49,0.0,0.0,30,0.0,491,500,495.5
moderate,oracle_probdpp,50,0.0,0.0,30,0.0,501,510,505.5
moderate,oracle_probdpp,51,0.0,0.0,30,0.0,511,520,515.5
moderate,oracle_probdpp,52,0.0,0.0,30,0.0,521,530,525.5
moderate,oracle_probdpp,53,0.0,0.0,30,0.0,531,540,535.5
moderate,oracle_probdpp,54,0.0,0.0,30,0.0,541,550,545.5
moderate,oracle_probdpp,55,0.0,0.0,30,0.0,551,560,555.5
moderate,oracle_probdpp,56,0.0,0.0,30,0.0,561,570,565.5
moderate,oracle_probdpp,57,0.0,0.0,30,0.0,571,580,575.5
moderate,oracle_probdpp,58,0.0,0.0,30,0.0,581,590,585.5
moderate,oracle_probdpp,59,0.0,0.0,30,0.0,591,600,595.5
moderate,static_probdpp,0,0.0,0.0,30,0.0,1,10,5.5
moderate,static_probdpp,1,0.0,0.0,30,0.0,11,20,15.5
moderate,static_probdpp,2,0.0,0.0,30,0.0,21,30,25.5
moderate,static_probdpp,3,0.0,0.0,30,0.0,31,40,35.5
moderate,static_probdpp,4,0.0,0.0,30,0.0,41,50,45.5
moderate,static_probdpp,5,0.0,0.0,30,0.0,51,60,55.5
moderate,static_probdpp,6,0.0,0.0,30,0.0,61,70,65.5
moderate,static_probdpp,7,0.0,0.0,30,0.0,71,80,75.5
moderate,static_probdpp,8,0.0,0.0,30,0.0,81,90,85.5
moderate,static_probdpp,9,0.0,0.0,30,0.0,91,100,95.5
moderate,static_probdpp,10,0.0,0.0,30,0.0,101,110,105.5
moderate,static_probdpp,11,0.0,0.0,30,0.0,111,120,115.5
moderate,static_probdpp,12,0.0,0.0,30,0.0,121,130,125.5
moderate,static_probdpp,13,0.0,0.0,30,0.0,131,140,135.5
moderate,static_probdpp,14,0.0,0.0,30,0.0,141,150,145.5
moderate,static_probdpp,15,0.0,0.0,30,0.0,151,160,155.5
moderate,static_probdpp,16,0.0,0.0,30,0.0,161,170,165.5
moderate,static_probdpp,17,0.0,0.0,30,0.0,171,180,175.5
moderate,static_probdpp,18,0.0,0.0,30,0.0,181,190,185.5
moderate,static_probdpp,19,0.0,0.0,30,0.0,191,200,195.5
moderate,static_probdpp,20,0.0,0.0,30,0.0,201,210,205.5
moderate,static_probdpp,21,0.0,0.0,30,0.0,211,220,215.5
moderate,static_probdpp,22,0.0,0.0,30,0.0,221,230,225.5
moderate,static_probdpp,23,0.0,0.0,30,0.0,231,240,235.5
moderate,static_probdpp,24,0.0,0.0,30,0.0,241,250,245.5
moderate,static_probdpp,25,0.0,0.0,30,0.0,251,260,255.5
moderate,static_probdpp,26,0.0,0.0,30,0.0,261,270,265.5
moderate,static_probdpp,27,0.0,0.0,30,0.0,271,280,275.5
moderate,static_probdpp,28,0.0,0.0,30,0.0,281,290,285.5
moderate,static_probdpp,29,0.0,0.0,30,0.0,291,300,295.5
moderate,static_probdpp,30,0.16211993779455128,2.823006427041851e-17,30,1.0101998760476172e-17,301,310,305.5
moderate,static_probdpp,31,0.0692077960462132,1.4115032135209254e-17,30,5.050999380238086e-18,311,320,315.5
moderate,static_probdpp,32,0.0863847067336061,0.0,30,0.0,321,330,325.5
moderate,static_probdpp,33,0.09471848167246384,2.823006427041851e-17,30,1.0101998760476172e-17,331,340,335.5
moderate,static_probdpp,34,0.14198936250762423,2.823006427041851e-17,30,1.0101998760476172e-17,341,350,345.5
moderate,static_probdpp,35,0.12558772296237372,2.823006427041851e-17,30,1.0101998760476172e-17,351,360,355.5
moderate,static_probdpp,36,0.08906048600334285,0.0,30,0.0,361,370,365.5
moderate,static_probdpp,37,0.18839732929447267,2.823006427041851e-17,30,1.0101998760476172e-17,371,380,375.5
moderate,static_probdpp,38,0.07640681305721672,2.823006427041851e-17,30,1.0101998760476172e-17,381,390,385.5
moderate,static_probdpp,39,0.13773016277487912,2.823006427041851e-17,30,1.0101998760476172e-17,391,400,395.5
moderate,static_probdpp,40,0.06532094616236767,1.4115032135209254e-17,30,5.050999380238086e-18,401,410,405.5
moderate,static_probdpp,41,0.12531455797912208,5.646012854083702e-17,30,2.0203997520952345e-17,411,420,415.5
moderate,static_probdpp,42,0.12544173246974996,2.823006427041851e-17,30,1.0101998760476172e-17,421,430,425.5
moderate,static_probdpp,43,0.0883183946341853,4.2345096405627763e-17,30,1.515299814071426e-17,431,440,435.5
moderate,static_probdpp,44,0.1536284727737683,2.823006427041851e-17,30,1.0101998760476172e-17,441,450,445.5
moderate,static_probdpp,45,0.08641549995849293,1.4115032135209254e-17,30,5.050999380238086e-18,451,460,455.5
moderate,static_probdpp,46,0.07682458249247487,1.4115032135209254e-17,30,5.050999380238086e-18,461,470,465.5
moderate,static_probdpp,47,0.13754323726405954,0.0,30,0.0,471,480,475.5
moderate,static_probdpp,48,0.10858546611248447,4.2345096405627763e-17,30,1.515299814071426e-17,481,490,485.5
moderate,static_probdpp,49,0.12750769672014606,0.0,30,0.0,491,500,495.5
moderate,static_probdpp,50,0.06210474318296518,1.4115032135209254e-17,30,5.050999380238086e-18,501,510,505.5
moderate,static_probdpp,51,0.11908757270746989,1.4115032135209254e-17,30,5.050999380238086e-18,511,520,515.5
moderate,static_probdpp,52,0.1280962846399357,5.646012854083702e-17,30,2.0203997520952345e-17,521,530,525.5
moderate,static_probdpp,53,0.11886720694165907,2.823006427041851e-17,30,1.0101998760476172e-17,531,540,535.5
moderate,static_probdpp,54,0.09581514083298866,4.2345096405627763e-17,30,1.515299814071426e-17,541,550,545.5
moderate,static_probdpp,55,0.09299125822222232,0.0,30,0.0,551,560,555.5
moderate,static_probdpp,56,0.12420868566436262,1.4115032135209254e-17,30,5.050999380238086e-18,561,570,565.5
moderate,static_probdpp,57,0.08965365871810602,0.0,30,0.0,571,580,575.5
moderate,static_probdpp,58,0.12371694195710028,1.4115032135209254e-17,30,5.050999380238086e-18,581,590,585.5
moderate,static_probdpp,59,0.08151887419643732,2.823006427041851e-17,30,1.0101998760476172e-17,591,600,595.5
slight,adaptive_probdpp,0,1.09488465319908,0.16408454375802362,30,0.05871689989008585,1,10,5.5
slight,adaptive_probdpp,1,0.7712522676286895,0.20589830127279718,30,0.0736797608506157,11,20,15.5
slight,adaptive_probdpp,2,0.7690460876722861,0.14465711621936986,30,0.05176488422923693,21,30,25.5
slight,adaptive_probdpp,3,0.5503309351487722,0.12595254132669112,30,0.04507153806569052,31,40,35.5
slight,adaptive_probdpp,4,0.4785675702441929,0.11300279606952184,30,0.04043753123937638,41,50,45.5
slight,adaptive_probdpp,5,0.4697859761175599,0.13347570323385988,30,0.047763666979499526,51,60,55.5
slight,adaptive_probdpp,6,0.29298871504570123,0.1173079034543479,30,0.0419780941317819,61,70,65.5
slight,adaptive_probdpp,7,0.3228102902273502,0.11718766335856402,30,0.04193506676610066,71,80,75.5
slight,adaptive_probdpp,8,0.33547949154487605,0.16878330201202912,30,0.060398328936901016,81,90,85.5
slight,adaptive_probdpp,9,0.14115914936799673,0.07594577540377966,30,0.027176846699435805,91,100,95.5
slight,adaptive_probdpp,10,0.34952135195058104,0.10344184258685385,30,0.03701618797548269,101,110,105.5
slight,adaptive_probdpp,11,0.08206496590929015,0.0678723146041646,30,0.024287795856008335,111,120,115.5
slight,adaptive_probdpp,12,0.15077363568754976,0.08396987898415272,30,0.030048235288791622,121,130,125.5
slight,adaptive_probdpp,13,0.2592215654705289,0.0761028051733931,30,0.027233039080820327,131,140,135.5
slight,adaptive_probdpp,14,0.11120975265468336,0.048933861071297775,30,0.017510757295921487,141,150,145.5
slight,adaptive_probdpp,15,0.15016978228059685,0.08616029522605011,30,0.030832065674320046,151,160,155.5
slight,adaptive_probdpp,16,0.1592851560229565,0.022248387596901526,30,0.007961483253228199,161,170,165.5
slight,adaptive_probdpp,17,0.16258547204408472,0.03681699874362094,30,0.013174793798193423,171,180,175.5
slight,adaptive_probdpp,18,0.15570763704570031,0.0900960496425262,30,0.032240457304460346,181,190,185.5
slight,adaptive_probdpp,19,0.1217766109944741,0.07552291668837685,30,0.027025528651487475,191,200,195.5
slight,adaptive_probdpp,20,0.19648805367776226,0.0868224585705407,30,0.03106901778400002,201,210,205.5
slight,adaptive_probdpp,21,0.13220184178620448,0.05920028428492957,30,0.021184549660868687,211,220,215.5
slight,adaptive_probdpp,22,0.09179913741669658,0.08415355991780786,30,0.030113964666746023,221,230,225.5
slight,adaptive_probdpp,23,0.22556856069946965,0.03757848096089864,30,0.01344728671005423,231,240,235.5
slight,adaptive_probdpp,24,0.03602540181129808,0.007417991666658677,30,0.0026544942265800094,241,250,245.5
slight,adaptive_probdpp,25,0.08460174564053352,0.037974432408694615,30,0.013588976115948889,251,260,255.5
slight,adaptive_probdpp,26,0.11063467016292552,0.06671415557734219,30,0.023873353970884675,261,270,265.5
slight,adaptive_probdpp,27,0.07701503322998415,0.019489045696657922,30,0.006974065435508239,271,280,275.5
slight,adaptive_probdpp,28,0.21680814208326066,0.04299470714975921,30,0.015385458360044485,281,290,285.5
slight,adaptive_probdpp,29,0.02132381058851062,0.016861004897905558,30,0.006033633113528137,291,300,295.5
slight,adaptive_probdpp,30,0.06459408851941091,0.05427256051640536,30,0.019421186356954303,301,310,305.5
slight,adaptive_probdpp,31,0.01956208502584484,0.020567780275168798,30,0.0073600856468195785,311,320,315.5
slight,adaptive_probdpp,32,0.01130887879563313,0.005874484480330747,30,0.0021021572735462264,321,330,325.5
slight,adaptive_probdpp,33,0.16262408898840988,0.04962987790625121,30,0.017759823721580952,331,340,335.5
slight,adaptive_probdpp,34,0.022088570315578263,0.02317661675172237,30,0.008293645790359362,341,350,345.5
slight,adaptive_probdpp,35,0.010268992298792032,0.00836138853766792,30,0.0029920844612419577,351,360,355.5
slight,adaptive_probdpp,36,0.026768978613291604,0.014638920569587797,30,0.005238470448813213,361,370,365.5
slight,adaptive_probdpp,37,0.1005986336305836,0.03114745181970697,30,0.011145972487366443,371,380,375.5
slight,adaptive_probdpp,38,0.03779212287766413,0.008951487094062766,30,0.0032032485176945696,381,390,385.5
slight,adaptive_probdpp,39,0.04373529948422868,0.0212980731241151,30,0.007621417586561946,391,400,395.5
slight,adaptive_probdpp,40,0.020687544099141253,0.008624241969955614,30,0.0030861453539739537,401,410,405.5
slight,adaptive_probdpp,41,0.06446412871009931,0.008166717670627814,30,0.0029224223861328805,411,420,415.5
slight,adaptive_probdpp,42,0.10903365282449269,0.021876566532529115,30,0.007828428794144129,421,430,425.5
slight,adaptive_probdpp,43,0.057774664486180426,0.025569190584363938,30,0.009149817340667154,431,440,435.5
slight,adaptive_probdpp,44,0.03930462614965116,0.013264445730461835,30,0.004746620944392998,441,450,445.5
slight,adaptive_probdpp,45,0.08409603802803482,0.05281797274189379,30,0.018900668806786435,451,460,455.5
slight,adaptive_probdpp,46,0.017938364739509827,0.019477831600636583,30,0.006970052522784333,461,470,465.5
slight,adaptive_probdpp,47,0.019727033148931872,0.026662391770414455,30,0.009541014361001451,471,480,475.5
slight,adaptive_probdpp,48,0.01865677880021325,0.021503093647441785,30,0.007694783238608604,481,490,485.5
slight,adaptive_probdpp,49,0.012972470849756928,0.008392006164249037,30,0.0030030408382026464,491,500,495.5
slight,adaptive_probdpp,50,0.019241465008245456,0.018613814278548288,30,0.006660867894894128,501,510,505.5
slight,adaptive_probdpp,51,0.023056044053944,0.026422992754887943,30,0.009455346523516496,511,520,515.5
slight,adaptive_probdpp,52,0.035994259996529755,0.030839472087471776,30,0.011035763355588027,521,530,525.5
slight,adaptive_probdpp,53,0.05659143679996687,0.040376394929619856,30,0.014448507365210805,531,540,535.5
slight,adaptive_probdpp,54,0.012117242796467198,0.006683934978917927,30,0.002391815414422761,541,550,545.5
slight,adaptive_probdpp,55,0.10018520721420693,0.04652885596024042,30,0.01665013726976382,551,560,555.5
slight,adaptive_probdpp,56,0.0720009471405985,0.034282817971782543,30,0.01226794885548602,561,570,565.5
slight,adaptive_probdpp,57,0.04490690240187899,0.023587127842852024,30,0.008440545297708305,571,580,575.5
slight,adaptive_probdpp,58,0.03197476588983605,0.01908501587963723,30,0.006829485222312786,581,590,585.5
slight,adaptive_probdpp,59,0.02798660476577584,0.02074909559738813,30,0.007424968501593464,591,600,595.5
slight,online_probdpp,0,1.09488465319908,0.16408454375802362,30,0.05871689989008585,1,10,5.5
slight,online_probdpp,1,0.7712522676286895,0.20589830127279718,30,0.0736797608506157,11,20,15.5
slight,online_probdpp,2,0.7690460876722861,0.14465711621936986,30,0.05176488422923693,21,30,25.5
slight,online_probdpp,3,0.5503309351487722,0.12595254132669112,30,0.04507153806569052,31,40,35.5
slight,online_probdpp,4,0.4785675702441929,0.11300279606952184,30,0.04043753123937638,41,50,45.5
slight,online_probdpp,5,0.4697859761175599,0.13347570323385988,30,0.047763666979499526,51,60,55.5
slight,online_probdpp,6,0.29298871504570123,0.1173079034543479,30,0.0419780941317819,61,70,65.5
slight,online_probdpp,7,0.3228102902273502,0.11718766335856402,30,0.04193506676610066,71,80,75.5
slight,online_probdpp,8,0.33547949154487605,0.16878330201202912,30,0.060398328936901016,81,90,85.5
slight,online_probdpp,9,0.14115914936799673,0.07594577540377966,30,0.027176846699435805,91,100,95.5
slight,online_probdpp,10,0.35078696650227525,0.10172277653090875,30,0.03640102808778341,101,110,105.5
slight,online_probdpp,11,0.08492364866112703,0.06684648076704135,30,0.023920705931883272,111,120,115.5
slight,online_probdpp,12,0.15206687824408502,0.08312891324448642,30,0.029747299563731514,121,130,125.5
slight,online_probdpp,13,0.31062734973931394,0.07175131499419922,30,0.025675878318614623,131,140,135.5
slight,online_probdpp,14,0.12096592198143934,0.04393287951649897,30,0.015721179029864186,141,150,145.5
slight,online_probdpp,15,0.17764749910056984,0.07543281197648441,30,0.026993285094436693,151,160,155.5
slight,online_probdpp,16,0.1789319561799273,0.04917797096631811,30,0.01759811089998322,161,170,165.5
slight,online_probdpp,17,0.17927486084247993,0.051778196817227624,30,0.018528589770708672,171,180,175.5
slight,online_probdpp,18,0.18162997399026548,0.07232471994164583,30,0.025881068643824983,181,190,185.5
slight,online_probdpp,19,0.13979666534117718,0.08976656657491912,30,0.03212255330294334,191,200,195.5
slight,online_probdpp,20,0.24208497552111388,0.07980938794811708,30,0.02855942269217825,201,210,205.5
slight,online_probdpp,21,0.15908571851319425,0.06139591624452964,30,0.021970246467006807,211,220,215.5
slight,online_probdpp,22,0.1565831990338456,0.07899964128758523,30,0.028269658571110905,221,230,225.5
slight,online_probdpp,23,0.2331990869882856,0.03076485781094465,30,0.011009062979642348,231,240,235.5
slight,online_probdpp,24,0.03663317769946647,0.007843646871400583,30,0.0028068129853863356,241,250,245.5
slight,online_probdpp,25,0.0960614622882186,0.03757266837720942,30,0.0134452067036943,251,260,255.5
slight,online_probdpp,26,0.14669688966379862,0.071172912501118,30,0.025468899644666455,261,270,265.5
slight,online_probdpp,27,0.09285452330237674,0.04237013869841679,30,0.015161959410100363,271,280,275.5
slight,online_probdpp,28,0.23564613407876314,0.03049749142825999,30,0.01091338714835125,281,290,285.5
slight,online_probdpp,29,0.020735224833643217,0.016125506268381586,30,0.005770438309130586,291,300,295.5
slight,online_probdpp,30,0.10061714469236782,0.058329837332390326,30,0.020873064219270668,301,310,305.5
slight,online_probdpp,31,0.04582697496716115,0.04979775953551197,30,0.017819899391067685,311,320,315.5
slight,online_probdpp,32,0.012464912067629334,0.007451922983392046,30,0.0026666363923327457,321,330,325.5
slight,online_probdpp,33,0.1829240687787261,0.049527745832266504,30,0.017723276228280363,331,340,335.5
slight,online_probdpp,34,0.02776817324067579,0.03219648566668039,30,0.011521364428394635,341,350,345.5
slight,online_probdpp,35,0.008839828381043264,0.007720151153885134,30,0.0027626206104305177,351,360,355.5
slight,online_probdpp,36,0.027906061836515655,0.013487379055652856,30,0.004826396610263813,361,370,365.5
slight,online_probdpp,37,0.10931010940926633,0.02675032783526855,30,0.00957248187767615,371,380,375.5
slight,online_probdpp,38,0.0424359877367986,0.011794200189412206,30,0.004220500334428875,381,390,385.5
slight,online_probdpp,39,0.07178006381978912,0.03431590235911364,30,0.01227978795144444,391,400,395.5
slight,online_probdpp,40,0.023779720274093107,0.009868718144520703,30,0.003531475433724151,401,410,405.5
slight,online_probdpp,41,0.06802419422831754,0.028665063824938587,30,0.0102576613519062,411,420,415.5
slight,online_probdpp,42,0.12080971731579898,0.023829192282874223,30,0.008527166945099382,421,430,425.5
slight,online_probdpp,43,0.057625475668100286,0.02527614634281151,30,0.009044952805589587,431,440,435.5
slight,online_probdpp,44,0.04287853822947016,0.012463114706383083,30,0.004459868320154121,441,450,445.5
slight,online_probdpp,45,0.10915351063909137,0.0710694126620343,30,0.025431862702911118,451,460,455.5
slight,online_probdpp,46,0.010696771709352506,0.02109287919984759,30,0.007547989883785521,461,470,465.5
slight,online_probdpp,47,0.02853301772983097,0.04070465709383122,30,0.014565974472058638,471,480,475.5
slight,online_probdpp,48,0.023504071334714063,0.024856454588213738,30,0.008894768040010733,481,490,485.5
slight,online_probdpp,49,0.011644563202902492,0.0045965845024243815,30,0.0016448666393782424,491,500,495.5
slight,online_probdpp,50,0.013216849741211756,0.011992519253842157,30,0.004291467900207657,501,510,505.5
slight,online_probdpp,51,0.03537877467770534,0.03442370810721386,30,0.012318365742952404,511,520,515.5
slight,online_probdpp,52,0.05065422554259473,0.042016677804142054,30,0.015035475053506752,521,530,525.5
slight,online_probdpp,53,0.07262664053220277,0.05150743522178793,30,0.01843169897813678,531,540,535.5
slight,online_probdpp,54,0.00804386987441867,0.0021472199354336807,30,0.0007683727857803847,541,550,545.5
slight,online_probdpp,55,0.1299306695447985,0.046689431213410265,30,0.01670759838614479,551,560,555.5
slight,online_probdpp,56,0.09473012823513097,0.025760544144761956,30,0.009218292332839918,561,570,565.5
slight,online_probdpp,57,0.057287405886704765,0.03158755957784611,30,0.011303463025985457,571,580,575.5
slight,online_probdpp,58,0.0322700529702993,0.023376305140917243,30,0.008365103362712178,581,590,585.5
slight,online_probdpp,59,0.02727995393855413,0.01728130722866225,30,0.006184036370979396,591,600,595.5
slight,oracle_probdpp,0,0.0,0.0,30,0.0,1,10,5.5
slight,oracle_probdpp,1,0.0,0.0,30,0.0,11,20,15.5
slight,oracle_probdpp,2,0.0,0.0,30,0.0,21,30,25.5
slight,oracle_probdpp,3,0.0,0.0,30,0.0,31,40,35.5
slight,oracle_probdpp,4,0.0,0.0,30,0.0,41,50,45.5
slight,oracle_probdpp,5,0.0,0.0,30,0.0,51,60,55.5
slight,oracle_probdpp,6,0.0,0.0,30,0.0,61,70,65.5
slight,oracle_probdpp,7,0.0,0.0,30,0.0,71,80,75.5
slight,oracle_probdpp,8,0.0,0.0,30,0.0,81,90,85.5
slight,oracle_probdpp,9,0.0,0.0,30,0.0,91,100,95.5
slight,oracle_probdpp,10,0.0,0.0,30,0.0,101,110,105.5
slight,oracle_probdpp,11,0.0,0.0,30,0.0,111,120,115.5
slight,oracle_probdpp,12,0.0,0.0,30,0.0,121,130,125.5
slight,oracle_probdpp,13,0.0,0.0,30,0.0,131,140,135.5
slight,oracle_probdpp,14,0.0,0.0,30,0.0,141,150,145.5
slight,oracle_probdpp,15,0.0,0.0,30,0.0,151,160,155.5
slight,oracle_probdpp,16,0.0,0.0,30,0.0,161,170,165.5
slight,oracle_probdpp,17,0.0,0.0,30,0.0,171,180,175.5
slight,oracle_probdpp,18,0.0,0.0,30,0.0,181,190,185.5
slight,oracle_probdpp,19,0.0,0.0,30,0.0,191,200,195.5
slight,oracle_probdpp,20,0.0,0.0,30,0.0,201,210,205.5
slight,oracle_probdpp,21,0.0,0.0,30,0.0,211,220,215.5
slight,oracle_probdpp,22,0.0,0.0,30,0.0,221,230,225.5
slight,oracle_probdpp,23,0.0,0.0,30,0.0,231,240,235.5
slight,oracle_probdpp,24,0.0,0.0,30,0.0,241,250,245.5
slight,oracle_probdpp,25,0.0,0.0,30,0.0,251,260,255.5
slight,oracle_probdpp,26,0.0,0.0,30,0.0,261,270,265.5
slight,oracle_probdpp,27,0.0,0.0,30,0.0,271,280,275.5
slight,oracle_probdpp,28,0.0,0.0,30,0.0,281,290,285.5
slight,oracle_probdpp,29,0.0,0.0,30,0.0,291,300,295.5
slight,oracle_probdpp,30,0.0,0.0,30,0.0,301,310,305.5
slight,oracle_probdpp,31,0.0,0.0,30,0.0,311,320,315.5
slight,oracle_probdpp,32,0.0,0.0,30,0.0,321,330,325.5
slight,oracle_probdpp,33,0.0,0.0,30,0.0,331,340,335.5
slight,oracle_probdpp,34,0.0,0.0,30,0.0,341,350,345.5
slight,oracle_probdpp,35,0.0,0.0,30,0.0,351,360,355.5
slight,oracle_probdpp,36,0.0,0.0,30,0.0,361,370,365.5
slight,oracle_probdpp,37,0.0,0.0,30,0.0,371,380,375.5
slight,oracle_probdpp,38,0.0,0.0,30,0.0,381,390,385.5
slight,oracle_probdpp,39,0.0,0.0,30,0.0,391,400,395.5
slight,oracle_probdpp,40,0.0,0.0,30,0.0,401,410,405.5
slight,oracle_probdpp,41,0.0,0.0,30,0.0,411,420,415.5
slight,oracle_probdpp,42,0.0,0.0,30,0.0,421,430,425.5
slight,oracle_probdpp,43,0.0,0.0,30,0.0,431,440,435.5
slight,oracle_probdpp,44,0.0,0.0,30,0.0,441,450,445.5
slight,oracle_probdpp,45,0.0,0.0,30,0.0,451,460,455.5
slight,oracle_probdpp,46,0.0,0.0,30,0.0,461,470,465.5
slight,oracle_probdpp,47,0.0,0.0,30,0.0,471,480,475.5
slight,oracle_probdpp,48,0.0,0.0,30,0.0,481,490,485.5
slight,oracle_probdpp,49,0.0,0.0,30,0.0,491,500,495.5
slight,oracle_probdpp,50,0.0,0.0,30,0.0,501,510,505.5
slight,oracle_probdpp,51,0.0,0.0,30,0.0,511,520,515.5
slight,oracle_probdpp,52,0.0,0.0,30,0.0,521,530,525.5
slight,oracle_probdpp,53,0.0,0.0,30,0.0,531,540,535.5
slight,oracle_probdpp,54,0.0,0.0,30,0.0,541,550,545.5
slight,oracle_probdpp,55,0.0,0.0,30,0.0,551,560,555.5
slight,oracle_probdpp,56,0.0,0.0,30,0.0,561,570,565.5
slight,oracle_probdpp,57,0.0,0.0,30,0.0,571,580,575.5
slight,oracle_probdpp,58,0.0,0.0,30,0.0,581,590,585.5
slight,oracle_probdpp,59,0.0,0.0,30,0.0,591,600,595.5
slight,static_probdpp,0,0.0,0.0,30,0.0,1,10,5.5
slight,static_probdpp,1,0.0,0.0,30,0.0,11,20,15.5
slight,static_probdpp,2,0.0,0.0,30,0.0,21,30,25.5
slight,static_probdpp,3,0.0,0.0,30,0.0,31,40,35.5
slight,static_probdpp,4,0.0,0.0,30,0.0,41,50,45.5
slight,static_probdpp,5,0.0,0.0,30,0.0,51,60,55.5
slight,static_probdpp,6,0.0,0.0,30,0.0,61,70,65.5
slight,static_probdpp,7,0.0,0.0,30,0.0,71,80,75.5
slight,static_probdpp,8,0.0,0.0,30,0.0,81,90,85.5
slight,static_probdpp,9,0.0,0.0,30,0.0,91,100,95.5
slight,static_probdpp,10,0.0,0.0,30,0.0,101,110,105.5
slight,static_probdpp,11,0.0,0.0,30,0.0,111,120,115.5
slight,static_probdpp,12,0.0,0.0,30,0.0,121,130,125.5
slight,static_probdpp,13,0.0,0.0,30,0.0,131,140,135.5
slight,static_probdpp,14,0.0,0.0,30,0.0,141,150,145.5
slight,static_probdpp,15,0.0,0.0,30,0.0,151,160,155.5
slight,static_probdpp,16,0.0,0.0,30,0.0,161,170,165.5
slight,static_probdpp,17,0.0,0.0,30,0.0,171,180,175.5
slight,static_probdpp,18,0.0,0.0,30,0.0,181,190,185.5
slight,static_probdpp,19,0.0,0.0,30,0.0,191,200,195.5
slight,static_probdpp,20,0.0,0.0,30,0.0,201,210,205.5
slight,static_probdpp,21,0.0,0.0,30,0.0,211,220,215.5
slight,static_probdpp,22,0.0,0.0,30,0.0,221,230,225.5
slight,static_probdpp,23,0.0,0.0,30,0.0,231,240,235.5
slight,static_probdpp,24,0.0,0.0,30,0.0,241,250,245.5
slight,static_probdpp,25,0.0,0.0,30,0.0,251,260,255.5
slight,static_probdpp,26,0.0,0.0,30,0.0,261,270,265.5
slight,static_probdpp,27,0.0,0.0,30,0.0,271,280,275.5
slight,static_probdpp,28,0.0,0.0,30,0.0,281,290,285.5
slight,static_probdpp,29,0.0,0.0,30,0.0,291,300,295.5
slight,static_probdpp,30,0.018585888909188594,3.5287580338023136e-18,30,1.2627498450595215e-18,301,310,305.5
slight,static_probdpp,31,0.003458578426280478,8.821895084505784e-19,30,3.156874612648804e-19,311,320,315.5
slight,static_probdpp,32,0.00891151626482034,0.0,30,0.0,321,330,325.5
slight,static_probdpp,33,0.0,0.0,30,0.0,331,340,335.5
slight,static_probdpp,34,0.0013767261490937436,4.410947542252892e-19,30,1.578437306324402e-19,341,350,345.5
slight,static_probdpp,35,0.017010275464278374,3.5287580338023136e-18,30,1.2627498450595215e-18,351,360,355.5
slight,static_probdpp,36,0.006060689037595737,1.7643790169011568e-18,30,6.313749225297608e-19,361,370,365.5
slight,static_probdpp,37,0.010436915217897266,3.5287580338023136e-18,30,1.2627498450595215e-18,371,380,375.5
slight,static_probdpp,38,0.005755648322841454,1.7643790169011568e-18,30,6.313749225297608e-19,381,390,385.5
slight,static_probdpp,39,0.005899083167394357,1.7643790169011568e-18,30,6.313749225297608e-19,391,400,395.5
slight,static_probdpp,40,0.0031158211679018777,0.0,30,0.0,401,410,405.5
slight,static_probdpp,41,0.005744392958907339,1.7643790169011568e-18,30,6.313749225297608e-19,411,420,415.5
slight,static_probdpp,42,0.0048117099789059216,8.821895084505784e-19,30,3.156874612648804e-19,421,430,425.5
slight,static_probdpp,43,0.001141470526811483,2.205473771126446e-19,30,7.89218653162201e-20,431,440,435.5
slight,static_probdpp,44,0.016385431158420487,3.5287580338023136e-18,30,1.2627498450595215e-18,441,450,445.5
slight,static_probdpp,45,0.004127797181527183,8.821895084505784e-19,30,3.156874612648804e-19,451,460,455.5
slight,static_probdpp,46,0.004749302663403653,8.821895084505784e-19,30,3.156874612648804e-19,461,470,465.5
slight,static_probdpp,47,0.006051038582902259,1.7643790169011568e-18,30,6.313749225297608e-19,471,480,475.5
slight,static_probdpp,48,0.012374753156622157,3.5287580338023136e-18,30,1.2627498450595215e-18,481,490,485.5
slight,static_probdpp,49,0.007948237401508209,1.7643790169011568e-18,30,6.313749225297608e-19,491,500,495.5
slight,static_probdpp,50,0.003915551120268067,8.821895084505784e-19,30,3.156874612648804e-19,501,510,505.5
slight,static_probdpp,51,0.005871133489479121,1.7643790169011568e-18,30,6.313749225297608e-19,511,520,515.5
slight,static_probdpp,52,0.013967754531700386,3.5287580338023136e-18,30,1.2627498450595215e-18,521,530,525.5
slight,static_probdpp,53,0.008626857662196308,0.0,30,0.0,531,540,535.5
slight,static_probdpp,54,0.004984352744499886,8.821895084505784e-19,30,3.156874612648804e-19,541,550,545.5
slight,static_probdpp,55,0.003224658577242011,8.821895084505784e-19,30,3.156874612648804e-19,551,560,555.5
slight,static_probdpp,56,0.006159858247756691,1.7643790169011568e-18,30,6.313749225297608e-19,561,570,565.5
slight,static_probdpp,57,0.001775141135450609,4.410947542252892e-19,30,1.578437306324402e-19,571,580,575.5
slight,static_probdpp,58,0.013181813450166871,3.5287580338023136e-18,30,1.2627498450595215e-18,581,590,585.5
slight,static_probdpp,59,0.005531322501070958,1.7643790169011568e-18,30,6.313749225297608e-19,591,600,595.5
